user_id,amount,merchant,timestamp
user_036,554.57,Myntra,2026-08-27 09:00:22
user_026,838.28,Myntra,2026-08-27 09:00:53
user_035,511.37,Myntra,2026-08-27 09:01:14
user_017,1471.39,Swiggy,2026-08-27 09:02:47
user_046,486.83,Netflix,2026-08-27 09:03:41
user_011,361.63,Netflix,2026-08-27 09:04:42
user_033,603.8,Uber,2026-08-27 09:05:36
user_048,284.69,Myntra,2026-08-27 09:05:36
user_005,1053.8,Zomato,2026-08-27 09:05:50
user_022,570.27,Flipkart,2026-08-27 09:05:58
user_026,616.27,Uber,2026-08-27 09:06:35
user_009,851.71,BigBasket,2026-08-27 09:09:28
user_031,1615.33,Netflix,2026-08-27 09:10:11
user_044,1532.35,Zomato,2026-08-27 09:11:19
user_029,1352.78,Ola,2026-08-27 09:11:28
user_038,716.06,Uber,2026-08-27 09:12:19
user_025,896.37,BigBasket,2026-08-27 09:12:52
user_022,2147.28,BookMyShow,2026-08-27 09:13:20
user_005,968.82,Amazon,2026-08-27 09:13:56
user_009,617.04,Uber,2026-08-27 09:14:47
user_039,767.75,Amazon,2026-08-27 09:16:47
user_042,233.49,Myntra,2026-08-27 09:17:05
user_009,1029.83,BigBasket,2026-08-27 09:17:55
user_034,510.96,Ola,2026-08-27 09:18:30
user_021,629.76,Swiggy,2026-08-27 09:20:20
user_049,342.86,Amazon,2026-08-27 09:21:07
user_034,2526.15,Myntra,2026-08-27 09:21:14
user_028,329.89,Swiggy,2026-08-27 09:23:02
user_032,1197.31,BigBasket,2026-08-27 09:23:23
user_001,52.6,Zomato,2026-08-27 09:24:47
user_017,523.87,Myntra,2026-08-27 09:25:04
user_021,1667.68,Amazon,2026-08-27 09:25:49
user_021,150.7,Netflix,2026-08-27 09:26:57
user_017,891.4,BookMyShow,2026-08-27 09:27:00
user_033,1376.21,BookMyShow,2026-08-27 09:27:38
user_019,453.62,Netflix,2026-08-27 09:27:53
user_036,865.77,Amazon,2026-08-27 09:28:19
user_020,105.41,Myntra,2026-08-27 09:29:52
user_038,793.04,Swiggy,2026-08-27 09:30:07
user_047,1403.65,BookMyShow,2026-08-27 09:30:45
user_004,832.09,Myntra,2026-08-27 09:32:14
user_022,913.2,Uber,2026-08-27 09:33:29
user_043,1417.35,BigBasket,2026-08-27 09:34:21
user_048,294.78,Zomato,2026-08-27 09:35:25
user_007,599.7,BigBasket,2026-08-27 09:35:34
user_039,597.15,Myntra,2026-08-27 09:35:54
user_009,921.51,Swiggy,2026-08-27 09:36:10
user_020,1360.76,BigBasket,2026-08-27 09:36:20
user_050,677.51,Swiggy,2026-08-27 09:36:27
user_027,426.67,Amazon,2026-08-27 09:36:32
user_005,401.31,Swiggy,2026-08-27 09:40:41
user_011,668.58,Netflix,2026-08-27 09:41:46
user_006,2130.16,BigBasket,2026-08-27 09:42:20
user_041,498.77,Myntra,2026-08-27 09:42:39
user_033,637.35,Myntra,2026-08-27 09:44:25
user_016,609.25,Flipkart,2026-08-27 09:44:31
user_041,779.77,Ola,2026-08-27 09:46:39
user_030,1522.16,Uber,2026-08-27 09:47:33
user_042,430.86,Netflix,2026-08-27 09:49:02
user_046,960.19,Swiggy,2026-08-27 09:49:20
user_011,943.55,Zomato,2026-08-27 09:50:27
user_020,78.4,BigBasket,2026-08-27 09:50:37
user_005,789.28,Zomato,2026-08-27 09:51:53
user_001,477.79,Netflix,2026-08-27 09:52:13
user_010,541.76,BookMyShow,2026-08-27 09:53:39
user_035,454.95,Uber,2026-08-27 09:53:58
user_041,957.47,Swiggy,2026-08-27 09:54:38
user_034,1055.12,Swiggy,2026-08-27 09:55:12
user_012,519.42,Swiggy,2026-08-27 09:56:19
user_044,3008.12,Myntra,2026-08-27 09:57:21
user_027,1390.98,Swiggy,2026-08-27 09:57:22
user_036,282.0,Amazon,2026-08-27 09:57:35
user_029,707.13,BookMyShow,2026-08-27 09:58:15
user_044,1262.87,Myntra,2026-08-27 09:58:47
user_038,61.41,Ola,2026-08-27 09:59:12
user_034,209.69,Zomato,2026-08-27 10:02:24
user_039,428.39,Uber,2026-08-27 10:03:14
user_011,340.27,Uber,2026-08-27 10:03:14
user_026,689.44,BookMyShow,2026-08-27 10:04:43
user_026,567.25,Swiggy,2026-08-27 10:06:45
user_025,776.7,Netflix,2026-08-27 10:07:19
user_040,338.31,BigBasket,2026-08-27 10:07:42
user_005,1638.68,Amazon,2026-08-27 10:07:47
user_033,277.13,Zomato,2026-08-27 10:08:01
user_010,495.25,Flipkart,2026-08-27 10:08:58
user_038,1859.89,Netflix,2026-08-27 10:09:25
user_047,267.66,Swiggy,2026-08-27 10:10:22
user_049,1154.09,Myntra,2026-08-27 10:10:34
user_025,920.98,Ola,2026-08-27 10:10:44
user_026,535.99,Ola,2026-08-27 10:10:44
user_031,383.53,Uber,2026-08-27 10:11:18
user_029,601.05,Swiggy,2026-08-27 10:12:59
user_004,374.35,Myntra,2026-08-27 10:13:53
user_029,920.35,Zomato,2026-08-27 10:15:41
user_006,397.85,Netflix,2026-08-27 10:15:51
user_026,360.41,Netflix,2026-08-27 10:18:16
user_040,592.66,Zomato,2026-08-27 10:18:46
user_027,564.45,Zomato,2026-08-27 10:19:23
user_046,524.51,BigBasket,2026-08-27 10:20:47
user_048,1954.25,Uber,2026-08-27 10:21:50
user_030,911.39,BigBasket,2026-08-27 10:22:09
user_006,773.16,Ola,2026-08-27 10:22:28
user_030,1462.21,BookMyShow,2026-08-27 10:22:45
user_033,531.79,Zomato,2026-08-27 10:25:30
user_009,824.19,Myntra,2026-08-27 10:25:36
user_038,1044.77,Ola,2026-08-27 10:26:49
user_017,204.69,Flipkart,2026-08-27 10:27:00
user_026,890.15,Myntra,2026-08-27 10:27:56
user_008,1120.97,Netflix,2026-08-27 10:28:46
user_008,2046.02,Ola,2026-08-27 10:29:43
user_022,1103.26,Ola,2026-08-27 10:29:59
user_024,335.48,Myntra,2026-08-27 10:30:53
user_001,918.1,Myntra,2026-08-27 10:32:19
user_007,703.5,Myntra,2026-08-27 10:32:57
user_025,1416.02,BigBasket,2026-08-27 10:35:06
user_047,1393.24,BigBasket,2026-08-27 10:35:26
user_019,1659.3,Flipkart,2026-08-27 10:35:41
user_042,331.1,Ola,2026-08-27 10:36:46
user_013,703.37,Uber,2026-08-27 10:36:57
user_005,1053.42,Uber,2026-08-27 10:37:36
user_002,1292.79,Swiggy,2026-08-27 10:39:18
user_049,428.98,Ola,2026-08-27 10:39:25
user_011,875.11,Swiggy,2026-08-27 10:39:52
user_015,1129.54,Myntra,2026-08-27 10:40:19
user_022,33.85,Amazon,2026-08-27 10:40:21
user_031,969.96,BigBasket,2026-08-27 10:41:26
user_049,2012.78,Netflix,2026-08-27 10:41:34
user_031,293.3,Uber,2026-08-27 10:41:42
user_032,871.39,Swiggy,2026-08-27 10:42:55
user_038,562.41,BookMyShow,2026-08-27 10:46:17
user_001,423.01,Ola,2026-08-27 10:47:08
user_045,1345.43,Flipkart,2026-08-27 10:47:40
user_002,1533.52,Zomato,2026-08-27 10:48:25
user_016,941.32,Swiggy,2026-08-27 10:48:25
user_002,49.34,Netflix,2026-08-27 10:48:27
user_030,859.18,Zomato,2026-08-27 10:49:50
user_003,639.61,BigBasket,2026-08-27 10:50:26
user_003,514.41,BigBasket,2026-08-27 10:50:37
user_016,1122.72,Flipkart,2026-08-27 10:50:53
user_032,341.92,Uber,2026-08-27 10:50:58
user_022,1268.43,Zomato,2026-08-27 10:52:14
user_023,485.83,Netflix,2026-08-27 10:52:23
user_047,285.08,Flipkart,2026-08-27 10:52:35
user_048,1480.03,Myntra,2026-08-27 10:53:46
user_009,1149.85,Uber,2026-08-27 10:53:59
user_041,196.19,Flipkart,2026-08-27 10:54:40
user_039,745.34,Swiggy,2026-08-27 10:54:55
user_025,573.05,Zomato,2026-08-27 10:55:55
user_028,632.57,Zomato,2026-08-27 10:56:59
user_033,1602.31,BookMyShow,2026-08-27 10:57:18
user_020,864.02,Netflix,2026-08-27 10:58:06
user_027,513.8,BigBasket,2026-08-27 10:58:20
user_006,507.66,Swiggy,2026-08-27 10:58:33
user_032,210.03,Zomato,2026-08-27 10:59:04
user_018,1233.45,Amazon,2026-08-27 10:59:06
user_036,1843.23,Ola,2026-08-27 10:59:12
user_040,573.27,Ola,2026-08-27 11:00:12
user_028,907.3,Myntra,2026-08-27 11:01:03
user_037,275.59,Zomato,2026-08-27 11:02:08
user_044,486.93,BookMyShow,2026-08-27 11:02:11
user_006,555.96,Zomato,2026-08-27 11:02:25
user_003,1275.98,BookMyShow,2026-08-27 11:02:35
user_036,1287.66,BigBasket,2026-08-27 11:02:35
user_004,903.35,BookMyShow,2026-08-27 11:04:52
user_046,943.38,Ola,2026-08-27 11:05:31
user_020,170.34,Flipkart,2026-08-27 11:06:32
user_014,829.75,Netflix,2026-08-27 11:08:05
user_049,944.15,Netflix,2026-08-27 11:09:30
user_010,567.22,Swiggy,2026-08-27 11:10:16
user_030,616.89,Swiggy,2026-08-27 11:10:52
user_009,1827.63,Myntra,2026-08-27 11:11:01
user_007,560.01,Zomato,2026-08-27 11:11:09
user_037,1134.83,Ola,2026-08-27 11:11:34
user_030,1077.79,BookMyShow,2026-08-27 11:12:03
user_035,1034.29,BookMyShow,2026-08-27 11:12:16
user_044,1181.18,Swiggy,2026-08-27 11:12:24
user_042,462.06,Amazon,2026-08-27 11:12:52
user_018,85.52,Ola,2026-08-27 11:14:39
user_037,742.1,Swiggy,2026-08-27 11:14:54
user_024,327.12,Flipkart,2026-08-27 11:15:42
user_038,774.77,Ola,2026-08-27 11:16:03
user_014,806.47,Uber,2026-08-27 11:16:40
user_012,212.44,Zomato,2026-08-27 11:17:50
user_001,619.6,Ola,2026-08-27 11:18:08
user_043,185.2,BookMyShow,2026-08-27 11:18:20
user_029,1181.66,Amazon,2026-08-27 11:18:21
user_034,814.3,Swiggy,2026-08-27 11:18:50
user_016,572.18,Flipkart,2026-08-27 11:19:52
user_028,639.22,Swiggy,2026-08-27 11:19:59
user_040,267.95,Swiggy,2026-08-27 11:23:37
user_004,385.29,BookMyShow,2026-08-27 11:23:59
user_026,1035.05,Uber,2026-08-27 11:24:35
user_017,316.57,BookMyShow,2026-08-27 11:26:23
user_010,413.23,BigBasket,2026-08-27 11:26:39
user_003,722.58,Zomato,2026-08-27 11:26:52
user_034,956.79,BookMyShow,2026-08-27 11:27:50
user_044,1925.59,Zomato,2026-08-27 11:29:26
user_003,1783.96,Ola,2026-08-27 11:29:28
user_027,253.74,Flipkart,2026-08-27 11:29:33
user_009,208.1,BookMyShow,2026-08-27 11:30:16
user_039,122.92,Ola,2026-08-27 11:30:23
user_043,1652.6,BookMyShow,2026-08-27 11:30:38
user_029,545.7,Uber,2026-08-27 11:31:04
user_006,586.8,BigBasket,2026-08-27 11:31:11
user_022,363.93,Uber,2026-08-27 11:31:39
user_037,1188.02,Flipkart,2026-08-27 11:31:56
user_043,1418.73,Netflix,2026-08-27 11:32:00
user_019,530.88,Ola,2026-08-27 11:32:29
user_033,435.99,Zomato,2026-08-27 11:32:30
user_024,209.99,Netflix,2026-08-27 11:32:51
user_015,1135.23,Amazon,2026-08-27 11:35:05
user_045,1333.02,BigBasket,2026-08-27 11:35:29
user_018,2384.25,Netflix,2026-08-27 11:35:56
user_036,1845.91,BookMyShow,2026-08-27 11:37:27
user_007,230.84,Myntra,2026-08-27 11:38:07
user_034,860.42,BookMyShow,2026-08-27 11:38:26
user_039,679.25,Amazon,2026-08-27 11:38:59
user_031,848.47,Ola,2026-08-27 11:39:05
user_042,1932.73,Myntra,2026-08-27 11:39:47
user_046,531.48,BigBasket,2026-08-27 11:40:32
user_017,2039.74,Swiggy,2026-08-27 11:42:05
user_029,988.54,Zomato,2026-08-27 11:42:40
user_027,697.72,Zomato,2026-08-27 11:43:27
user_041,472.14,Netflix,2026-08-27 11:43:28
user_038,487.39,Uber,2026-08-27 11:43:48
user_041,1262.21,Amazon,2026-08-27 11:43:55
user_006,579.48,Myntra,2026-08-27 11:43:56
user_001,361.31,Swiggy,2026-08-27 11:44:22
user_030,1157.38,Flipkart,2026-08-27 11:44:40
user_046,1831.32,Flipkart,2026-08-27 11:46:01
user_044,415.79,BookMyShow,2026-08-27 11:46:05
user_022,1724.69,Zomato,2026-08-27 11:46:51
user_010,232.13,BookMyShow,2026-08-27 11:49:58
user_002,163.64,BigBasket,2026-08-27 11:50:05
user_034,1823.32,BookMyShow,2026-08-27 11:50:37
user_050,562.4,BigBasket,2026-08-27 11:51:17
user_025,1893.93,Zomato,2026-08-27 11:51:19
user_016,472.18,Ola,2026-08-27 11:52:02
user_034,170.68,Uber,2026-08-27 11:52:16
user_047,126.85,Netflix,2026-08-27 11:52:25
user_006,329.49,Uber,2026-08-27 11:52:37
user_003,533.69,Uber,2026-08-27 11:52:38
user_026,690.29,Swiggy,2026-08-27 11:52:49
user_015,1599.59,Uber,2026-08-27 11:53:02
user_004,627.64,Myntra,2026-08-27 11:55:00
user_032,475.79,BigBasket,2026-08-27 11:55:43
user_021,562.41,Myntra,2026-08-27 11:56:01
user_046,855.09,Zomato,2026-08-27 11:56:32
user_011,836.19,Uber,2026-08-27 11:58:59
user_042,942.27,Ola,2026-08-27 11:59:04
user_016,172.23,Swiggy,2026-08-27 11:59:12
user_028,998.12,Netflix,2026-08-27 12:00:03
user_034,175.76,Uber,2026-08-27 12:00:28
user_031,1112.7,Flipkart,2026-08-27 12:03:06
user_008,196.69,Uber,2026-08-27 12:03:13
user_007,271.67,BookMyShow,2026-08-27 12:04:13
user_027,1224.46,Zomato,2026-08-27 12:07:01
user_010,443.07,Swiggy,2026-08-27 12:07:13
user_004,133.4,Flipkart,2026-08-27 12:08:20
user_021,67.55,Flipkart,2026-08-27 12:09:19
user_033,148.42,BookMyShow,2026-08-27 12:09:28
user_001,549.04,Zomato,2026-08-27 12:09:42
user_044,552.92,Myntra,2026-08-27 12:09:55
user_007,727.85,Zomato,2026-08-27 12:10:42
user_046,904.0,BigBasket,2026-08-27 12:11:46
user_003,456.48,BigBasket,2026-08-27 12:12:22
user_045,616.75,BookMyShow,2026-08-27 12:12:31
user_024,424.98,Zomato,2026-08-27 12:16:53
user_001,1871.55,Swiggy,2026-08-27 12:16:58
user_032,426.49,Amazon,2026-08-27 12:17:10
user_036,200.16,BookMyShow,2026-08-27 12:17:16
user_025,2428.28,Amazon,2026-08-27 12:18:59
user_043,1092.32,Uber,2026-08-27 12:19:05
user_041,1193.24,BigBasket,2026-08-27 12:19:19
user_017,1225.28,Amazon,2026-08-27 12:19:30
user_008,933.01,BigBasket,2026-08-27 12:20:15
user_010,1186.46,Amazon,2026-08-27 12:20:26
user_038,1189.96,Amazon,2026-08-27 12:23:28
user_049,307.34,Swiggy,2026-08-27 12:23:34
user_036,1776.06,Netflix,2026-08-27 12:23:37
user_006,420.23,Swiggy,2026-08-27 12:23:39
user_042,257.16,Amazon,2026-08-27 12:24:15
user_048,260.35,Swiggy,2026-08-27 12:27:31
user_026,388.72,Netflix,2026-08-27 12:27:43
user_028,420.87,Swiggy,2026-08-27 12:27:55
user_034,1990.65,Ola,2026-08-27 12:28:03
user_008,1140.56,Zomato,2026-08-27 12:31:12
user_006,423.21,Netflix,2026-08-27 12:31:16
user_016,672.03,Zomato,2026-08-27 12:31:29
user_032,365.49,Swiggy,2026-08-27 12:32:19
user_023,220.66,BigBasket,2026-08-27 12:33:15
user_038,1059.34,Ola,2026-08-27 12:33:27
user_029,974.15,Myntra,2026-08-27 12:33:53
user_039,884.28,Netflix,2026-08-27 12:36:39
user_009,228.69,Flipkart,2026-08-27 12:38:33
user_029,1412.01,Zomato,2026-08-27 12:39:03
user_038,1434.05,BookMyShow,2026-08-27 12:39:14
user_039,168.91,Uber,2026-08-27 12:39:36
user_046,383.7,BigBasket,2026-08-27 12:39:38
user_014,494.53,Swiggy,2026-08-27 12:40:24
user_006,189.12,Flipkart,2026-08-27 12:40:38
user_005,542.39,Uber,2026-08-27 12:40:56
user_038,728.2,Flipkart,2026-08-27 12:42:36
user_049,556.74,BookMyShow,2026-08-27 12:43:16
user_026,1074.78,Ola,2026-08-27 12:43:30
user_014,88.99,Netflix,2026-08-27 12:43:43
user_025,252.21,Swiggy,2026-08-27 12:43:45
user_023,286.9,BigBasket,2026-08-27 12:43:52
user_015,552.91,Zomato,2026-08-27 12:43:54
user_041,313.48,BigBasket,2026-08-27 12:44:06
user_048,787.16,Amazon,2026-08-27 12:44:13
user_014,335.44,Flipkart,2026-08-27 12:44:33
user_011,961.44,Netflix,2026-08-27 12:45:01
user_003,243.72,BookMyShow,2026-08-27 12:45:29
user_012,869.43,Zomato,2026-08-27 12:46:13
user_049,409.11,Swiggy,2026-08-27 12:47:02
user_022,157.53,BookMyShow,2026-08-27 12:48:30
user_027,108.45,BigBasket,2026-08-27 12:50:33
user_049,525.6,Swiggy,2026-08-27 12:50:45
user_033,661.97,Myntra,2026-08-27 12:51:57
user_034,61.74,BookMyShow,2026-08-27 12:52:15
user_021,161.72,BookMyShow,2026-08-27 12:52:45
user_010,1461.37,Amazon,2026-08-27 12:52:50
user_009,430.17,Netflix,2026-08-27 12:53:39
user_013,921.92,BigBasket,2026-08-27 12:53:41
user_017,969.57,Swiggy,2026-08-27 12:53:49
user_035,397.43,Amazon,2026-08-27 12:54:49
user_046,5444.09,BookMyShow,2026-08-27 12:55:25
user_019,710.9,Uber,2026-08-27 12:56:09
user_025,172.16,BookMyShow,2026-08-27 12:56:41
user_050,445.39,Ola,2026-08-27 12:58:03
user_033,710.07,Ola,2026-08-27 12:58:13
user_026,211.66,BookMyShow,2026-08-27 12:58:42
user_039,1598.04,Swiggy,2026-08-27 12:58:55
user_024,1081.6,BookMyShow,2026-08-27 12:59:26
user_001,565.91,Swiggy,2026-08-27 13:01:14
user_038,810.31,Zomato,2026-08-27 13:02:18
user_034,942.38,Netflix,2026-08-27 13:05:48
user_018,305.36,Flipkart,2026-08-27 13:06:04
user_032,693.29,Netflix,2026-08-27 13:06:17
user_027,834.56,Zomato,2026-08-27 13:06:58
user_018,379.59,Flipkart,2026-08-27 13:07:49
user_022,650.56,Zomato,2026-08-27 13:08:40
user_013,484.18,BigBasket,2026-08-27 13:08:56
user_008,236.67,Uber,2026-08-27 13:09:03
user_017,173.86,BigBasket,2026-08-27 13:09:13
user_009,669.38,BigBasket,2026-08-27 13:09:53
user_048,807.81,BookMyShow,2026-08-27 13:11:35
user_027,199.99,Uber,2026-08-27 13:11:36
user_045,1752.97,BookMyShow,2026-08-27 13:12:06
user_002,1212.04,Amazon,2026-08-27 13:12:56
user_027,1095.22,Swiggy,2026-08-27 13:13:33
user_002,1731.67,BigBasket,2026-08-27 13:13:59
user_014,1487.03,Flipkart,2026-08-27 13:16:16
user_048,468.66,Uber,2026-08-27 13:17:53
user_024,1248.1,Ola,2026-08-27 13:18:29
user_006,323.05,Flipkart,2026-08-27 13:18:45
user_009,141.53,BookMyShow,2026-08-27 13:19:09
user_020,498.59,Zomato,2026-08-27 13:20:55
user_013,269.7,Myntra,2026-08-27 13:21:44
user_010,772.79,Swiggy,2026-08-27 13:21:52
user_019,737.72,BookMyShow,2026-08-27 13:22:06
user_034,2919.2,BigBasket,2026-08-27 13:24:20
user_002,1669.41,Netflix,2026-08-27 13:24:50
user_033,331.81,Flipkart,2026-08-27 13:25:07
user_007,906.91,Zomato,2026-08-27 13:25:19
user_016,625.85,Uber,2026-08-27 13:26:10
user_006,576.47,BookMyShow,2026-08-27 13:27:39
user_033,1001.63,Zomato,2026-08-27 13:29:03
user_041,643.44,Ola,2026-08-27 13:29:10
user_036,575.23,Zomato,2026-08-27 13:29:12
user_022,190.26,Uber,2026-08-27 13:31:55
user_036,1530.38,Uber,2026-08-27 13:33:26
user_037,794.83,Swiggy,2026-08-27 13:33:46
user_049,897.84,Myntra,2026-08-27 13:34:43
user_010,343.59,Swiggy,2026-08-27 13:35:40
user_036,707.42,Uber,2026-08-27 13:35:51
user_001,1972.54,Myntra,2026-08-27 13:36:31
user_011,538.23,BookMyShow,2026-08-27 13:37:17
user_047,703.12,Uber,2026-08-27 13:38:11
user_016,258.13,Amazon,2026-08-27 13:39:22
user_042,1031.62,BigBasket,2026-08-27 13:41:20
user_020,774.18,Netflix,2026-08-27 13:41:41
user_038,1957.07,Zomato,2026-08-27 13:41:52
user_049,854.36,Swiggy,2026-08-27 13:42:41
user_030,409.14,Myntra,2026-08-27 13:43:29
user_040,1426.18,Flipkart,2026-08-27 13:45:03
user_017,1107.52,Netflix,2026-08-27 13:45:54
user_018,1138.96,Myntra,2026-08-27 13:46:12
user_015,352.06,Flipkart,2026-08-27 13:46:37
user_029,614.67,Zomato,2026-08-27 13:46:46
user_004,401.53,BigBasket,2026-08-27 13:48:14
user_012,773.0,Flipkart,2026-08-27 13:48:42
user_008,234.55,Netflix,2026-08-27 13:48:44
user_018,963.24,Zomato,2026-08-27 13:49:52
user_008,1307.64,BigBasket,2026-08-27 13:51:17
user_019,571.09,BigBasket,2026-08-27 13:51:21
user_048,851.26,BookMyShow,2026-08-27 13:51:26
user_007,1237.53,Myntra,2026-08-27 13:51:39
user_015,624.88,Flipkart,2026-08-27 13:51:47
user_047,210.08,Uber,2026-08-27 13:52:28
user_038,403.95,Swiggy,2026-08-27 13:52:36
user_043,1372.34,Swiggy,2026-08-27 13:53:21
user_027,1981.69,BigBasket,2026-08-27 13:53:45
user_044,443.65,Swiggy,2026-08-27 13:56:11
user_016,648.76,Myntra,2026-08-27 13:56:21
user_006,430.36,Netflix,2026-08-27 13:56:26
user_013,2501.25,Swiggy,2026-08-27 13:56:30
user_005,862.81,Flipkart,2026-08-27 13:57:20
user_001,899.73,BigBasket,2026-08-27 13:58:15
user_003,658.79,Amazon,2026-08-27 13:59:21
user_036,823.5,Uber,2026-08-27 13:59:52
user_007,28.43,Swiggy,2026-08-27 14:00:00
user_007,30.85,Flipkart,2026-08-27 14:00:04
user_007,28.91,Uber,2026-08-27 14:00:08
user_007,47.45,Zomato,2026-08-27 14:00:12
user_007,35.17,Amazon,2026-08-27 14:00:16
user_007,39.79,Myntra,2026-08-27 14:00:20
user_007,30.84,Uber,2026-08-27 14:00:24
user_007,29.25,Uber,2026-08-27 14:00:28
user_007,17.95,Amazon,2026-08-27 14:00:32
user_007,44.55,Flipkart,2026-08-27 14:00:36
user_007,48.93,Flipkart,2026-08-27 14:00:40
user_007,35.32,BookMyShow,2026-08-27 14:00:44
user_007,10.6,Uber,2026-08-27 14:00:48
user_007,33.39,Netflix,2026-08-27 14:00:52
user_007,41.57,Amazon,2026-08-27 14:00:56
user_007,48.75,Ola,2026-08-27 14:01:00
user_007,41.34,BigBasket,2026-08-27 14:01:04
user_007,37.54,Zomato,2026-08-27 14:01:08
user_007,24.86,Swiggy,2026-08-27 14:01:12
user_007,19.95,BigBasket,2026-08-27 14:01:16
user_007,13.66,Ola,2026-08-27 14:01:20
user_007,23.54,Amazon,2026-08-27 14:01:24
user_007,12.39,Zomato,2026-08-27 14:01:28
user_007,38.05,Swiggy,2026-08-27 14:01:32
user_023,857.22,Netflix,2026-08-27 14:01:36
user_007,15.03,Flipkart,2026-08-27 14:01:36
user_048,1485.54,Amazon,2026-08-27 14:01:38
user_027,599.69,BigBasket,2026-08-27 14:04:02
user_027,731.68,Swiggy,2026-08-27 14:05:20
user_039,588.11,Myntra,2026-08-27 14:05:21
user_028,678.34,BookMyShow,2026-08-27 14:05:27
user_043,1986.21,BookMyShow,2026-08-27 14:05:40
user_006,273.74,Swiggy,2026-08-27 14:05:51
user_014,2393.54,Amazon,2026-08-27 14:06:07
user_035,766.63,BigBasket,2026-08-27 14:06:13
user_032,657.05,Uber,2026-08-27 14:06:28
user_030,1313.77,Swiggy,2026-08-27 14:07:29
user_037,183.71,Ola,2026-08-27 14:10:25
user_027,907.68,Myntra,2026-08-27 14:11:11
user_042,320.42,BigBasket,2026-08-27 14:12:06
user_032,491.24,Ola,2026-08-27 14:12:38
user_016,333.27,Uber,2026-08-27 14:12:57
user_022,580.34,Ola,2026-08-27 14:13:50
user_018,916.17,Netflix,2026-08-27 14:14:15
user_030,3074.06,Amazon,2026-08-27 14:14:54
user_036,24.18,BookMyShow,2026-08-27 14:15:09
user_030,940.97,Myntra,2026-08-27 14:15:58
user_001,434.11,Uber,2026-08-27 14:16:04
user_018,1245.31,BigBasket,2026-08-27 14:18:47
user_007,502.09,BookMyShow,2026-08-27 14:19:02
user_044,711.64,Uber,2026-08-27 14:19:52
user_029,642.73,Myntra,2026-08-27 14:21:53
user_015,1593.58,Flipkart,2026-08-27 14:21:53
user_037,1538.11,Ola,2026-08-27 14:22:06
user_004,475.14,Amazon,2026-08-27 14:22:40
user_027,293.59,Zomato,2026-08-27 14:23:44
user_038,1406.37,BigBasket,2026-08-27 14:24:36
user_023,494.75,Netflix,2026-08-27 14:24:44
user_034,1495.14,BigBasket,2026-08-27 14:25:21
user_037,350.68,BigBasket,2026-08-27 14:25:48
user_013,676.43,Zomato,2026-08-27 14:26:41
user_044,1029.22,Netflix,2026-08-27 14:26:43
user_037,135.7,Myntra,2026-08-27 14:27:21
user_017,1604.61,Ola,2026-08-27 14:28:29
user_049,285.43,Flipkart,2026-08-27 14:28:55
user_015,2704.11,Swiggy,2026-08-27 14:29:10
user_041,461.78,BookMyShow,2026-08-27 14:29:46
user_015,1051.09,Swiggy,2026-08-27 14:29:55
user_044,445.43,Amazon,2026-08-27 14:31:27
user_008,998.55,Myntra,2026-08-27 14:34:16
user_033,579.4,Flipkart,2026-08-27 14:38:00
user_024,141.73,Swiggy,2026-08-27 14:38:07
user_043,279.38,BigBasket,2026-08-27 14:38:09
user_022,1796.34,BigBasket,2026-08-27 14:38:10
user_015,730.59,Zomato,2026-08-27 14:38:28
user_017,225.65,Ola,2026-08-27 14:39:12
user_033,205.3,Flipkart,2026-08-27 14:39:25
user_048,968.74,Myntra,2026-08-27 14:39:34
user_043,129.92,Swiggy,2026-08-27 14:43:05
user_011,676.6,BookMyShow,2026-08-27 14:43:38
user_010,374.62,Zomato,2026-08-27 14:43:45
user_033,348.27,Myntra,2026-08-27 14:43:55
user_021,294.23,Zomato,2026-08-27 14:44:04
user_008,232.0,Swiggy,2026-08-27 14:44:18
user_019,519.25,Myntra,2026-08-27 14:45:06
user_039,2181.35,Flipkart,2026-08-27 14:45:58
user_036,801.34,BigBasket,2026-08-27 14:47:41
user_009,109.52,BigBasket,2026-08-27 14:47:49
user_005,313.76,Myntra,2026-08-27 14:48:09
user_009,864.11,Amazon,2026-08-27 14:48:12
user_018,268.5,Amazon,2026-08-27 14:48:46
user_012,77.93,Myntra,2026-08-27 14:49:49
user_045,666.5,Amazon,2026-08-27 14:51:08
user_017,605.29,Zomato,2026-08-27 14:51:33
user_037,1139.33,Ola,2026-08-27 14:51:59
user_014,124.94,Ola,2026-08-27 14:52:14
user_010,365.87,BookMyShow,2026-08-27 14:52:54
user_020,706.69,Zomato,2026-08-27 14:53:49
user_005,1081.56,Uber,2026-08-27 14:54:52
user_041,1125.34,BookMyShow,2026-08-27 14:55:19
user_042,580.62,Flipkart,2026-08-27 14:55:19
user_023,697.08,BookMyShow,2026-08-27 14:57:12
user_048,730.74,Swiggy,2026-08-27 14:57:45
user_022,336.99,Swiggy,2026-08-27 14:59:02
user_010,375.07,Swiggy,2026-08-27 14:59:04
user_033,1351.85,Uber,2026-08-27 14:59:27
user_022,343.73,Netflix,2026-08-27 15:00:32
user_031,2212.62,BigBasket,2026-08-27 15:01:19
user_045,1366.75,Ola,2026-08-27 15:01:37
user_009,766.94,BigBasket,2026-08-27 15:01:46
user_006,373.55,Flipkart,2026-08-27 15:03:18
user_043,120.46,BookMyShow,2026-08-27 15:03:22
user_047,969.05,Netflix,2026-08-27 15:03:22
user_012,1022.55,Myntra,2026-08-27 15:04:31
user_006,381.25,Swiggy,2026-08-27 15:05:40
user_030,2248.45,Zomato,2026-08-27 15:06:04
user_035,1136.97,Uber,2026-08-27 15:07:27
user_018,267.41,Flipkart,2026-08-27 15:08:19
user_011,1225.41,BookMyShow,2026-08-27 15:09:45
user_011,745.38,Netflix,2026-08-27 15:10:16
user_033,990.97,BigBasket,2026-08-27 15:10:41
user_044,430.83,Zomato,2026-08-27 15:11:20
user_033,299.19,Uber,2026-08-27 15:11:20
user_038,770.84,Zomato,2026-08-27 15:13:59
user_041,1997.63,Amazon,2026-08-27 15:14:23
user_031,2869.01,Amazon,2026-08-27 15:16:10
user_005,1050.43,BigBasket,2026-08-27 15:17:10
user_008,947.74,BigBasket,2026-08-27 15:17:39
user_025,347.25,BookMyShow,2026-08-27 15:18:19
user_035,1242.85,Ola,2026-08-27 15:19:46
user_027,1208.68,Netflix,2026-08-27 15:20:10
user_032,292.65,BookMyShow,2026-08-27 15:20:33
user_042,1810.17,Myntra,2026-08-27 15:21:17
user_004,635.28,Swiggy,2026-08-27 15:21:38
user_048,213.24,Amazon,2026-08-27 15:22:26
user_037,169.72,Flipkart,2026-08-27 15:23:22
user_035,1813.72,Uber,2026-08-27 15:23:30
user_036,922.6,Swiggy,2026-08-27 15:23:58
user_031,226.21,Amazon,2026-08-27 15:25:48
user_009,1731.74,Myntra,2026-08-27 15:26:44
user_010,1103.91,Swiggy,2026-08-27 15:26:58
user_039,832.79,Swiggy,2026-08-27 15:27:35
user_039,634.4,BigBasket,2026-08-27 15:27:56
user_031,602.47,BookMyShow,2026-08-27 15:28:03
user_025,666.3,Zomato,2026-08-27 15:30:56
user_045,466.12,Netflix,2026-08-27 15:31:36
user_044,547.07,Amazon,2026-08-27 15:31:47
user_037,1307.7,Amazon,2026-08-27 15:31:48
user_025,908.54,Uber,2026-08-27 15:32:48
user_038,220.73,Myntra,2026-08-27 15:33:03
user_011,318.01,Uber,2026-08-27 15:33:17
user_028,1667.44,Ola,2026-08-27 15:34:12
user_010,789.42,Zomato,2026-08-27 15:35:03
user_043,1799.23,Myntra,2026-08-27 15:35:41
user_035,667.02,BigBasket,2026-08-27 15:36:43
user_037,629.19,Uber,2026-08-27 15:39:17
user_018,479.43,BigBasket,2026-08-27 15:39:29
user_020,1374.23,Swiggy,2026-08-27 15:39:52
user_026,1554.31,Swiggy,2026-08-27 15:43:39
user_035,482.27,Amazon,2026-08-27 15:46:11
user_042,2015.23,Uber,2026-08-27 15:46:45
user_026,316.85,BigBasket,2026-08-27 15:47:00
user_041,295.68,Zomato,2026-08-27 15:47:10
user_027,1358.8,Amazon,2026-08-27 15:49:46
user_042,477.35,Swiggy,2026-08-27 15:50:33
user_017,1095.91,Uber,2026-08-27 15:51:28
user_032,2280.46,BookMyShow,2026-08-27 15:51:37
user_010,329.68,Uber,2026-08-27 15:51:44
user_039,720.66,Myntra,2026-08-27 15:52:06
user_030,125.24,BookMyShow,2026-08-27 15:52:07
user_027,1640.15,Uber,2026-08-27 15:52:55
user_026,1196.68,Uber,2026-08-27 15:54:38
user_047,696.35,BookMyShow,2026-08-27 15:54:41
user_046,383.44,Ola,2026-08-27 15:54:52
user_016,133.43,Flipkart,2026-08-27 15:55:31
user_031,295.67,Netflix,2026-08-27 15:55:57
user_014,965.09,BigBasket,2026-08-27 15:56:19
user_021,803.87,Myntra,2026-08-27 15:56:19
user_037,766.66,Swiggy,2026-08-27 15:56:46
user_049,602.77,Zomato,2026-08-27 15:58:25
user_036,406.28,Zomato,2026-08-27 15:59:04
user_010,1037.61,Flipkart,2026-08-27 15:59:16
user_022,686.48,BigBasket,2026-08-27 15:59:26
user_015,1010.92,Swiggy,2026-08-27 16:00:42
user_011,991.09,Flipkart,2026-08-27 16:01:00
user_002,822.34,Zomato,2026-08-27 16:01:05
user_040,1015.69,Uber,2026-08-27 16:04:30
user_017,1671.31,Ola,2026-08-27 16:07:59
user_035,1256.72,Ola,2026-08-27 16:09:11
user_034,1866.86,Myntra,2026-08-27 16:10:25
user_002,2275.49,Ola,2026-08-27 16:11:03
user_002,804.4,Swiggy,2026-08-27 16:11:59
user_041,979.39,Ola,2026-08-27 16:12:08
user_007,1042.71,BigBasket,2026-08-27 16:13:57
user_002,987.93,Myntra,2026-08-27 16:14:22
user_033,1302.41,Ola,2026-08-27 16:14:31
user_023,496.95,Ola,2026-08-27 16:14:37
user_048,725.85,Amazon,2026-08-27 16:15:06
user_003,887.03,Myntra,2026-08-27 16:15:37
user_039,1388.43,BigBasket,2026-08-27 16:16:11
user_008,912.5,Ola,2026-08-27 16:16:28
user_043,848.4,Amazon,2026-08-27 16:16:41
user_010,141.12,Zomato,2026-08-27 16:17:33
user_001,92.69,BookMyShow,2026-08-27 16:18:22
user_021,724.31,Ola,2026-08-27 16:18:46
user_006,850.72,Netflix,2026-08-27 16:21:05
user_036,453.8,Myntra,2026-08-27 16:21:37
user_014,2662.06,Flipkart,2026-08-27 16:22:57
user_048,413.38,Uber,2026-08-27 16:23:39
user_049,1201.8,BookMyShow,2026-08-27 16:23:44
user_029,278.21,Amazon,2026-08-27 16:24:40
user_014,1290.62,BookMyShow,2026-08-27 16:24:45
user_018,1700.25,Netflix,2026-08-27 16:24:58
user_004,1503.49,Uber,2026-08-27 16:25:38
user_031,846.97,BigBasket,2026-08-27 16:25:41
user_045,500.42,Ola,2026-08-27 16:26:45
user_009,1371.8,Ola,2026-08-27 16:28:16
user_029,427.68,Swiggy,2026-08-27 16:28:42
user_031,799.21,Zomato,2026-08-27 16:28:54
user_007,361.15,BookMyShow,2026-08-27 16:29:01
user_015,781.83,Flipkart,2026-08-27 16:31:36
user_015,348.71,Amazon,2026-08-27 16:31:42
user_027,847.59,Amazon,2026-08-27 16:31:50
user_009,1051.57,Flipkart,2026-08-27 16:32:04
user_007,2784.0,Amazon,2026-08-27 16:32:05
user_021,960.35,Amazon,2026-08-27 16:32:32
user_005,646.45,Myntra,2026-08-27 16:32:32
user_040,379.69,Swiggy,2026-08-27 16:33:55
user_014,254.78,BigBasket,2026-08-27 16:36:19
user_024,759.13,BookMyShow,2026-08-27 16:37:40
user_047,1675.24,BigBasket,2026-08-27 16:37:59
user_001,858.47,Uber,2026-08-27 16:38:03
user_014,458.01,Flipkart,2026-08-27 16:38:07
user_008,133.42,Flipkart,2026-08-27 16:38:29
user_020,323.67,Uber,2026-08-27 16:39:09
user_048,910.71,Swiggy,2026-08-27 16:40:00
user_001,925.08,Swiggy,2026-08-27 16:40:27
user_014,461.68,Uber,2026-08-27 16:41:26
user_042,285.9,Uber,2026-08-27 16:42:03
user_014,619.07,BookMyShow,2026-08-27 16:42:32
user_039,85.64,Netflix,2026-08-27 16:42:40
user_012,1291.54,BigBasket,2026-08-27 16:43:22
user_029,729.11,BigBasket,2026-08-27 16:46:50
user_025,587.44,Zomato,2026-08-27 16:47:23
user_017,408.62,BigBasket,2026-08-27 16:47:27
user_020,918.32,Zomato,2026-08-27 16:47:54
user_018,414.91,BigBasket,2026-08-27 16:48:00
user_011,399.88,Ola,2026-08-27 16:48:11
user_046,1540.87,BigBasket,2026-08-27 16:48:44
user_012,417.92,BookMyShow,2026-08-27 16:49:03
user_025,613.44,Amazon,2026-08-27 16:49:13
user_042,954.67,Myntra,2026-08-27 16:49:43
user_048,964.43,Myntra,2026-08-27 16:49:57
user_030,1026.93,Flipkart,2026-08-27 16:49:59
user_018,1746.07,Zomato,2026-08-27 16:50:21
user_001,157.36,BigBasket,2026-08-27 16:54:27
user_040,555.45,BigBasket,2026-08-27 16:54:34
user_003,628.96,BookMyShow,2026-08-27 16:54:37
user_013,1161.31,Uber,2026-08-27 16:55:34
user_035,326.78,Netflix,2026-08-27 16:55:51
user_049,556.42,Myntra,2026-08-27 16:57:07
user_021,741.09,BookMyShow,2026-08-27 16:57:27
user_002,1146.68,Swiggy,2026-08-27 16:57:37
user_023,191.59,Amazon,2026-08-27 16:58:01
user_050,1164.74,Netflix,2026-08-27 16:58:03
user_035,1508.78,Amazon,2026-08-27 16:59:18
user_018,848.42,Myntra,2026-08-27 16:59:45
user_011,1362.28,Zomato,2026-08-27 17:02:19
user_038,669.99,Ola,2026-08-27 17:02:51
user_043,732.04,Myntra,2026-08-27 17:02:52
user_003,484.14,Ola,2026-08-27 17:03:22
user_021,955.24,Ola,2026-08-27 17:03:35
user_029,1382.13,Myntra,2026-08-27 17:03:58
user_020,206.73,BookMyShow,2026-08-27 17:04:01
user_007,910.5,Uber,2026-08-27 17:04:58
user_028,944.6,Swiggy,2026-08-27 17:05:02
user_042,995.12,Swiggy,2026-08-27 17:05:31
user_001,1683.98,Amazon,2026-08-27 17:05:35
user_003,1261.85,BigBasket,2026-08-27 17:05:54
user_034,1166.69,Zomato,2026-08-27 17:06:28
user_004,150.14,Myntra,2026-08-27 17:06:30
user_017,2675.34,Netflix,2026-08-27 17:06:55
user_024,982.74,Amazon,2026-08-27 17:06:58
user_020,1354.59,Flipkart,2026-08-27 17:06:59
user_047,1205.27,Ola,2026-08-27 17:09:18
user_043,333.56,BigBasket,2026-08-27 17:09:52
user_040,2037.33,Myntra,2026-08-27 17:10:00
user_003,1171.3,Uber,2026-08-27 17:11:10
user_040,86.5,BigBasket,2026-08-27 17:12:43
user_043,764.58,Myntra,2026-08-27 17:12:59
user_039,299.25,Ola,2026-08-27 17:13:01
user_030,679.86,Uber,2026-08-27 17:14:14
user_047,501.16,Flipkart,2026-08-27 17:14:17
user_013,385.42,Uber,2026-08-27 17:16:56
user_016,1539.38,Uber,2026-08-27 17:16:57
user_027,532.74,Ola,2026-08-27 17:17:00
user_005,363.32,Ola,2026-08-27 17:17:17
user_032,668.41,Swiggy,2026-08-27 17:17:58
user_011,693.46,BookMyShow,2026-08-27 17:18:32
user_044,572.86,Swiggy,2026-08-27 17:18:57
user_028,388.59,BigBasket,2026-08-27 17:19:09
user_009,449.18,Ola,2026-08-27 17:19:18
user_046,1685.12,Amazon,2026-08-27 17:20:07
user_031,1076.3,Swiggy,2026-08-27 17:20:08
user_035,648.43,Netflix,2026-08-27 17:21:42
user_043,290.15,Swiggy,2026-08-27 17:21:56
user_041,532.36,Flipkart,2026-08-27 17:22:17
user_019,1294.14,Ola,2026-08-27 17:25:05
user_009,1214.88,Zomato,2026-08-27 17:25:11
user_006,1264.85,Amazon,2026-08-27 17:25:39
user_033,180.85,Myntra,2026-08-27 17:26:05
user_049,1153.06,BigBasket,2026-08-27 17:26:15
user_007,706.38,Netflix,2026-08-27 17:27:07
user_023,313.01,Ola,2026-08-27 17:28:28
user_038,1084.15,Flipkart,2026-08-27 17:28:59
user_029,845.73,Uber,2026-08-27 17:30:19
user_049,139.0,BigBasket,2026-08-27 17:31:11
user_041,1027.82,Uber,2026-08-27 17:31:29
user_033,576.61,Uber,2026-08-27 17:31:32
user_048,963.32,Flipkart,2026-08-27 17:33:03
user_033,142.63,BookMyShow,2026-08-27 17:35:03
user_007,205.88,Uber,2026-08-27 17:35:07
user_029,1041.29,BigBasket,2026-08-27 17:35:47
user_023,1056.69,Zomato,2026-08-27 17:36:08
user_012,493.58,Zomato,2026-08-27 17:36:45
user_013,1921.87,Zomato,2026-08-27 17:37:09
user_040,962.92,Zomato,2026-08-27 17:37:09
user_028,1530.1,Zomato,2026-08-27 17:37:14
user_031,142.62,Swiggy,2026-08-27 17:38:11
user_027,646.98,BookMyShow,2026-08-27 17:38:53
user_005,274.82,Myntra,2026-08-27 17:39:55
user_040,1531.93,Zomato,2026-08-27 17:41:06
user_021,1658.1,Swiggy,2026-08-27 17:41:10
user_045,321.71,Netflix,2026-08-27 17:41:18
user_014,557.8,BookMyShow,2026-08-27 17:41:25
user_033,930.9,Amazon,2026-08-27 17:41:50
user_042,755.42,Amazon,2026-08-27 17:42:50
user_010,831.84,Myntra,2026-08-27 17:44:56
user_050,761.99,Amazon,2026-08-27 17:45:44
user_025,550.1,Ola,2026-08-27 17:46:06
user_005,232.62,BookMyShow,2026-08-27 17:46:44
user_013,262.23,Swiggy,2026-08-27 17:47:15
user_041,1179.14,Uber,2026-08-27 17:48:42
user_048,79.07,Ola,2026-08-27 17:49:55
user_048,772.17,BigBasket,2026-08-27 17:49:57
user_009,386.5,Netflix,2026-08-27 17:50:31
user_037,702.7,BigBasket,2026-08-27 17:50:50
user_030,2137.7,Ola,2026-08-27 17:51:17
user_037,762.73,BigBasket,2026-08-27 17:51:26
user_015,610.33,Netflix,2026-08-27 17:51:30
user_028,369.4,Swiggy,2026-08-27 17:51:31
user_004,249.74,BookMyShow,2026-08-27 17:52:05
user_031,336.11,BigBasket,2026-08-27 17:52:26
user_040,149.62,Ola,2026-08-27 17:52:38
user_018,621.7,BigBasket,2026-08-27 17:52:43
user_032,2436.04,Netflix,2026-08-27 17:52:59
user_028,1113.09,Zomato,2026-08-27 17:53:27
user_003,941.58,Amazon,2026-08-27 17:54:13
user_039,918.47,Amazon,2026-08-27 17:54:37
user_011,455.96,Myntra,2026-08-27 17:54:47
user_002,677.57,Amazon,2026-08-27 17:54:52
user_020,2960.52,BigBasket,2026-08-27 17:54:56
user_048,597.79,Uber,2026-08-27 17:54:58
user_008,1734.21,Ola,2026-08-27 17:57:51
user_031,386.51,Flipkart,2026-08-27 17:58:31
user_017,519.4,Zomato,2026-08-27 17:58:45
user_025,684.39,BigBasket,2026-08-27 17:59:56
user_011,1377.48,Swiggy,2026-08-27 18:01:27
user_010,454.46,Swiggy,2026-08-27 18:02:14
user_027,718.6,Ola,2026-08-27 18:02:17
user_045,1489.82,Uber,2026-08-27 18:02:19
user_040,398.85,Netflix,2026-08-27 18:02:21
user_001,1396.03,Swiggy,2026-08-27 18:03:51
user_013,149.9,Myntra,2026-08-27 18:04:16
user_004,302.38,Myntra,2026-08-27 18:04:22
user_013,2049.6,Amazon,2026-08-27 18:05:01
user_028,1389.56,Netflix,2026-08-27 18:05:54
user_035,183.1,Ola,2026-08-27 18:06:26
user_006,1037.89,BookMyShow,2026-08-27 18:06:59
user_013,838.58,Ola,2026-08-27 18:07:30
user_009,466.52,Myntra,2026-08-27 18:07:33
user_019,1386.44,Swiggy,2026-08-27 18:07:38
user_018,1650.94,Uber,2026-08-27 18:09:11
user_009,334.45,Flipkart,2026-08-27 18:09:43
user_023,1062.88,BigBasket,2026-08-27 18:10:29
user_049,190.9,Netflix,2026-08-27 18:11:05
user_001,575.85,Flipkart,2026-08-27 18:11:21
user_040,290.89,Myntra,2026-08-27 18:11:24
user_008,998.42,Myntra,2026-08-27 18:12:06
user_035,1875.58,BigBasket,2026-08-27 18:13:22
user_028,1783.39,Ola,2026-08-27 18:14:04
user_028,1233.27,Zomato,2026-08-27 18:16:00
user_017,1462.43,BigBasket,2026-08-27 18:17:46
user_050,772.0,Zomato,2026-08-27 18:18:11
user_047,144.11,Swiggy,2026-08-27 18:19:00
user_006,797.74,Amazon,2026-08-27 18:19:04
user_007,1615.54,Zomato,2026-08-27 18:19:10
user_008,1498.41,Netflix,2026-08-27 18:20:31
user_042,1487.28,BookMyShow,2026-08-27 18:22:08
user_008,103.13,Myntra,2026-08-27 18:22:56
user_034,168.56,Myntra,2026-08-27 18:26:20
user_032,262.99,Uber,2026-08-27 18:26:43
user_024,2663.34,Ola,2026-08-27 18:27:19
user_048,1309.82,BookMyShow,2026-08-27 18:27:28
user_004,403.27,Uber,2026-08-27 18:28:20
user_008,525.66,Uber,2026-08-27 18:28:36
user_034,948.14,BookMyShow,2026-08-27 18:29:39
user_016,3052.42,Amazon,2026-08-27 18:29:41
user_037,932.36,Amazon,2026-08-27 18:30:23
user_002,1914.86,Swiggy,2026-08-27 18:30:37
user_023,607.54,Uber,2026-08-27 18:31:23
user_003,1068.33,BigBasket,2026-08-27 18:34:07
user_012,1239.21,Myntra,2026-08-27 18:34:12
user_039,1047.46,Flipkart,2026-08-27 18:34:31
user_026,971.31,Amazon,2026-08-27 18:37:43
user_028,522.35,Zomato,2026-08-27 18:37:44
user_043,766.67,Myntra,2026-08-27 18:37:51
user_044,410.93,Flipkart,2026-08-27 18:37:55
user_041,1006.87,Flipkart,2026-08-27 18:38:07
user_042,337.58,Ola,2026-08-27 18:38:08
user_020,1082.63,BigBasket,2026-08-27 18:38:55
user_014,783.45,Myntra,2026-08-27 18:39:20
user_047,798.09,Myntra,2026-08-27 18:39:28
user_002,1727.82,Zomato,2026-08-27 18:39:42
user_048,1769.2,Flipkart,2026-08-27 18:39:47
user_012,167.29,Ola,2026-08-27 18:39:55
user_015,1011.27,Zomato,2026-08-27 18:40:16
user_043,1038.74,Flipkart,2026-08-27 18:42:14
user_027,383.0,Flipkart,2026-08-27 18:42:50
user_028,638.39,Ola,2026-08-27 18:46:19
user_048,2431.21,BigBasket,2026-08-27 18:46:43
user_019,328.03,Myntra,2026-08-27 18:47:15
user_007,1384.56,Uber,2026-08-27 18:48:03
user_050,711.9,BookMyShow,2026-08-27 18:48:33
user_029,348.8,BookMyShow,2026-08-27 18:49:18
user_013,584.04,Myntra,2026-08-27 18:52:17
user_042,1516.7,Netflix,2026-08-27 18:52:33
user_049,826.1,Ola,2026-08-27 18:53:53
user_004,483.48,Swiggy,2026-08-27 18:54:25
user_049,1463.73,Zomato,2026-08-27 18:55:55
user_024,1519.15,Flipkart,2026-08-27 18:58:30
user_020,773.84,Zomato,2026-08-27 18:58:36
user_002,1982.47,Netflix,2026-08-27 18:59:36
user_040,243.74,Netflix,2026-08-27 18:59:46
user_041,163.63,Flipkart,2026-08-27 18:59:52
user_029,459.31,Uber,2026-08-27 19:00:02
user_027,1906.8,Uber,2026-08-27 19:01:04
user_018,335.33,Ola,2026-08-27 19:03:31
user_014,284.96,BigBasket,2026-08-27 19:04:01
user_006,551.7,Netflix,2026-08-27 19:04:25
user_018,1685.67,BookMyShow,2026-08-27 19:04:51
user_040,1445.77,Zomato,2026-08-27 19:06:08
user_034,676.22,BigBasket,2026-08-27 19:07:38
user_016,831.28,BookMyShow,2026-08-27 19:07:38
user_022,954.32,Netflix,2026-08-27 19:07:51
user_028,810.08,Zomato,2026-08-27 19:08:29
user_024,2089.08,Swiggy,2026-08-27 19:08:32
user_024,610.73,Netflix,2026-08-27 19:10:51
user_040,140.13,Netflix,2026-08-27 19:11:06
user_004,1094.21,Swiggy,2026-08-27 19:11:10
user_004,573.7,Zomato,2026-08-27 19:11:17
user_012,244.65,Uber,2026-08-27 19:11:21
user_049,421.03,Myntra,2026-08-27 19:12:15
user_020,888.78,Uber,2026-08-27 19:12:25
user_015,1408.89,Amazon,2026-08-27 19:13:42
user_015,691.44,Uber,2026-08-27 19:17:36
user_037,473.31,Amazon,2026-08-27 19:19:12
user_018,771.72,BookMyShow,2026-08-27 19:19:31
user_043,567.61,Swiggy,2026-08-27 19:19:56
user_044,1051.4,Netflix,2026-08-27 19:20:43
user_015,257.81,Flipkart,2026-08-27 19:20:47
user_001,261.68,Ola,2026-08-27 19:21:08
user_029,1063.45,Ola,2026-08-27 19:22:26
user_016,306.48,BookMyShow,2026-08-27 19:22:33
user_017,1207.78,Swiggy,2026-08-27 19:22:44
user_029,171.99,Swiggy,2026-08-27 19:24:10
user_039,507.31,BigBasket,2026-08-27 19:24:13
user_013,1870.78,Myntra,2026-08-27 19:24:47
user_037,1308.2,Swiggy,2026-08-27 19:24:58
user_003,317.97,Flipkart,2026-08-27 19:25:01
user_039,894.75,BigBasket,2026-08-27 19:25:12
user_040,1414.62,Myntra,2026-08-27 19:25:48
user_025,967.22,Ola,2026-08-27 19:25:55
user_018,232.28,Zomato,2026-08-27 19:26:07
user_009,513.99,Amazon,2026-08-27 19:26:41
user_004,281.62,BookMyShow,2026-08-27 19:27:07
user_042,3114.76,Flipkart,2026-08-27 19:27:29
user_016,243.03,Myntra,2026-08-27 19:28:21
user_036,320.42,Uber,2026-08-27 19:28:41
user_028,1121.08,Swiggy,2026-08-27 19:29:22
user_045,1049.73,BigBasket,2026-08-27 19:29:37
user_048,400.88,Ola,2026-08-27 19:30:28
user_015,1808.44,Uber,2026-08-27 19:31:20
user_046,766.18,Uber,2026-08-27 19:32:03
user_003,214.07,Flipkart,2026-08-27 19:32:10
user_012,2231.32,Zomato,2026-08-27 19:32:37
user_033,846.91,Swiggy,2026-08-27 19:33:09
user_050,558.81,Zomato,2026-08-27 19:34:30
user_016,260.94,Zomato,2026-08-27 19:36:17
user_026,90.59,BookMyShow,2026-08-27 19:36:40
user_002,970.32,Flipkart,2026-08-27 19:38:04
user_006,659.72,Myntra,2026-08-27 19:40:27
user_022,330.25,Swiggy,2026-08-27 19:41:09
user_022,144.35,BookMyShow,2026-08-27 19:41:19
user_017,1207.58,Ola,2026-08-27 19:42:21
user_050,722.78,Flipkart,2026-08-27 19:42:38
user_002,783.38,Swiggy,2026-08-27 19:42:46
user_001,480.86,BookMyShow,2026-08-27 19:44:29
user_017,941.71,BigBasket,2026-08-27 19:44:44
user_038,1801.26,Netflix,2026-08-27 19:44:51
user_037,65.93,Uber,2026-08-27 19:44:56
user_046,806.13,Netflix,2026-08-27 19:45:12
user_006,369.22,Ola,2026-08-27 19:45:15
user_031,1879.85,Swiggy,2026-08-27 19:45:22
user_048,1829.16,Netflix,2026-08-27 19:45:37
user_021,394.04,Netflix,2026-08-27 19:45:52
user_029,1137.78,BigBasket,2026-08-27 19:49:34
user_043,959.43,Uber,2026-08-27 19:49:40
user_044,709.82,Netflix,2026-08-27 19:49:45
user_048,782.99,Flipkart,2026-08-27 19:50:21
user_001,206.08,Amazon,2026-08-27 19:51:47
user_018,1269.75,Myntra,2026-08-27 19:52:04
user_016,509.8,BigBasket,2026-08-27 19:52:51
user_045,608.43,Myntra,2026-08-27 19:52:59
user_043,1396.93,Myntra,2026-08-27 19:54:00
user_018,359.99,Netflix,2026-08-27 19:54:49
user_035,418.23,Uber,2026-08-27 19:55:15
user_045,656.69,Flipkart,2026-08-27 19:55:18
user_021,1018.96,Swiggy,2026-08-27 19:56:03
user_039,233.29,Zomato,2026-08-27 19:56:18
user_016,2177.37,Flipkart,2026-08-27 19:56:58
user_040,1247.48,Ola,2026-08-27 19:57:26
user_045,231.43,Amazon,2026-08-27 19:57:47
user_009,1893.87,Uber,2026-08-27 19:57:49
user_007,554.63,BookMyShow,2026-08-27 19:59:12
user_014,234.85,BigBasket,2026-08-27 20:00:02
user_024,249.61,Zomato,2026-08-27 20:00:18
user_017,96.41,Zomato,2026-08-27 20:03:09
user_010,692.04,Ola,2026-08-27 20:03:44
user_019,1334.03,Ola,2026-08-27 20:03:54
user_003,1453.68,Amazon,2026-08-27 20:04:53
user_036,743.6,Swiggy,2026-08-27 20:05:36
user_038,719.29,Netflix,2026-08-27 20:07:06
user_033,173.7,Ola,2026-08-27 20:08:43
user_043,822.67,Uber,2026-08-27 20:09:33
user_012,779.53,Netflix,2026-08-27 20:10:15
user_023,1025.08,Flipkart,2026-08-27 20:10:50
user_001,141.22,Netflix,2026-08-27 20:11:46
user_027,445.12,Ola,2026-08-27 20:12:07
user_009,72.4,Amazon,2026-08-27 20:13:24
user_006,519.4,Amazon,2026-08-27 20:13:25
user_031,1113.01,Swiggy,2026-08-27 20:13:36
user_032,1858.09,Myntra,2026-08-27 20:13:45
user_007,758.85,Amazon,2026-08-27 20:14:52
user_012,1084.43,Uber,2026-08-27 20:14:59
user_006,97.61,Netflix,2026-08-27 20:15:49
user_035,1756.78,Flipkart,2026-08-27 20:16:02
user_039,383.68,Swiggy,2026-08-27 20:16:17
user_034,241.64,Myntra,2026-08-27 20:16:27
user_038,628.21,Swiggy,2026-08-27 20:17:34
user_033,1160.35,Swiggy,2026-08-27 20:18:05
user_006,1181.18,Flipkart,2026-08-27 20:18:07
user_044,1291.67,Myntra,2026-08-27 20:19:20
user_011,641.08,Swiggy,2026-08-27 20:19:39
user_022,279.76,Netflix,2026-08-27 20:20:38
user_035,653.07,Flipkart,2026-08-27 20:20:57
user_045,1843.76,BookMyShow,2026-08-27 20:21:46
user_019,825.45,Ola,2026-08-27 20:22:33
user_021,1488.46,Netflix,2026-08-27 20:22:43
user_025,256.37,Netflix,2026-08-27 20:23:00
user_011,498.35,Amazon,2026-08-27 20:24:13
user_028,166.11,BookMyShow,2026-08-27 20:25:14
user_002,184.93,BigBasket,2026-08-27 20:25:16
user_045,783.8,Myntra,2026-08-27 20:25:44
user_029,684.46,BigBasket,2026-08-27 20:26:00
user_014,1353.38,Ola,2026-08-27 20:27:25
user_019,252.43,Uber,2026-08-27 20:28:08
user_015,374.64,Amazon,2026-08-27 20:29:07
user_013,581.23,Amazon,2026-08-27 20:29:25
user_030,522.54,Zomato,2026-08-27 20:31:09
user_001,134.6,BookMyShow,2026-08-27 20:31:20
user_026,105.43,BookMyShow,2026-08-27 20:34:48
user_012,195.57,Ola,2026-08-27 20:35:09
user_021,462.96,Ola,2026-08-27 20:35:50
user_015,502.34,Amazon,2026-08-27 20:36:10
user_019,1190.68,Amazon,2026-08-27 20:36:14
user_047,1658.51,Ola,2026-08-27 20:36:39
user_029,743.24,BigBasket,2026-08-27 20:36:40
user_016,238.77,BookMyShow,2026-08-27 20:37:59
user_016,452.2,Netflix,2026-08-27 20:38:54
user_005,1908.14,BigBasket,2026-08-27 20:40:26
user_032,196.95,Flipkart,2026-08-27 20:40:27
user_037,385.64,Ola,2026-08-27 20:40:30
user_035,1002.32,Uber,2026-08-27 20:41:41
user_037,680.65,Flipkart,2026-08-27 20:42:23
user_037,1096.57,Myntra,2026-08-27 20:42:33
user_027,1030.1,Flipkart,2026-08-27 20:42:59
user_016,890.53,Zomato,2026-08-27 20:43:37
user_003,1028.44,Zomato,2026-08-27 20:44:47
user_041,373.19,Ola,2026-08-27 20:46:03
user_021,317.06,Uber,2026-08-27 20:46:12
user_022,1729.3,Zomato,2026-08-27 20:46:53
user_009,420.37,BigBasket,2026-08-27 20:46:55
user_035,193.47,Zomato,2026-08-27 20:47:01
user_016,303.19,Ola,2026-08-27 20:47:17
user_026,1226.31,Amazon,2026-08-27 20:49:28
user_002,634.82,BigBasket,2026-08-27 20:50:00
user_038,795.08,Myntra,2026-08-27 20:50:22
user_003,1082.33,BookMyShow,2026-08-27 20:50:24
user_038,1631.5,Swiggy,2026-08-27 20:50:55
user_012,838.73,BookMyShow,2026-08-27 20:52:07
user_026,517.51,Myntra,2026-08-27 20:52:26
user_014,302.03,BigBasket,2026-08-27 20:54:00
user_030,750.06,BigBasket,2026-08-27 20:54:58
user_019,384.41,Uber,2026-08-27 20:54:59
user_017,2180.64,Netflix,2026-08-27 20:55:06
user_003,374.42,Flipkart,2026-08-27 20:56:04
user_007,1140.39,Swiggy,2026-08-27 20:56:21
user_009,196.36,Zomato,2026-08-27 20:57:58
user_049,2331.84,Uber,2026-08-27 21:00:04
user_010,897.64,Flipkart,2026-08-27 21:00:36
user_045,855.75,Amazon,2026-08-27 21:01:26
user_017,1352.52,Flipkart,2026-08-27 21:01:28
user_007,895.1,Netflix,2026-08-27 21:01:32
user_005,173.16,Amazon,2026-08-27 21:01:49
user_044,265.26,Myntra,2026-08-27 21:03:24
user_003,415.48,Netflix,2026-08-27 21:04:09
user_037,405.13,Netflix,2026-08-27 21:04:23
user_025,1657.36,Myntra,2026-08-27 21:04:40
user_031,421.72,Amazon,2026-08-27 21:04:41
user_015,950.47,Flipkart,2026-08-27 21:05:00
user_002,450.25,Zomato,2026-08-27 21:05:40
user_003,2718.61,Amazon,2026-08-27 21:08:39
user_050,1019.12,Amazon,2026-08-27 21:11:50
user_041,2296.74,Amazon,2026-08-27 21:11:51
user_039,1495.19,Swiggy,2026-08-27 21:11:54
user_033,1190.2,Ola,2026-08-27 21:12:13
user_049,759.4,Zomato,2026-08-27 21:13:12
user_016,360.23,Uber,2026-08-27 21:13:40
user_031,1692.48,Swiggy,2026-08-27 21:14:37
user_040,289.57,Netflix,2026-08-27 21:14:52
user_024,2174.72,Amazon,2026-08-27 21:18:04
user_031,774.28,Uber,2026-08-27 21:19:35
user_026,411.07,BookMyShow,2026-08-27 21:20:44
user_018,275.09,Netflix,2026-08-27 21:22:28
user_033,119.81,Uber,2026-08-27 21:22:40
user_045,842.47,Netflix,2026-08-27 21:23:17
user_023,428.62,Uber,2026-08-27 21:23:28
user_043,520.01,BigBasket,2026-08-27 21:24:36
user_015,377.87,Amazon,2026-08-27 21:25:42
user_030,513.53,Myntra,2026-08-27 21:27:49
user_044,438.12,Zomato,2026-08-27 21:28:42
user_018,1584.73,Netflix,2026-08-27 21:28:59
user_001,1042.36,Amazon,2026-08-27 21:30:32
user_049,1055.16,Zomato,2026-08-27 21:31:13
user_035,692.7,BigBasket,2026-08-27 21:31:33
user_036,1457.43,Uber,2026-08-27 21:31:47
user_032,627.27,Amazon,2026-08-27 21:32:23
user_030,76.16,Myntra,2026-08-27 21:32:36
user_025,79.54,Netflix,2026-08-27 21:33:57
user_040,304.83,Uber,2026-08-27 21:34:18
user_021,347.6,BookMyShow,2026-08-27 21:34:28
user_005,849.66,BigBasket,2026-08-27 21:34:53
user_001,408.43,Swiggy,2026-08-27 21:35:51
user_021,758.0,Flipkart,2026-08-27 21:35:53
user_016,354.73,BigBasket,2026-08-27 21:36:11
user_015,1087.59,Myntra,2026-08-27 21:36:46
user_011,1813.43,BigBasket,2026-08-27 21:37:23
user_003,911.64,Myntra,2026-08-27 21:38:39
user_044,689.55,BookMyShow,2026-08-27 21:38:57
user_038,505.66,BookMyShow,2026-08-27 21:39:04
user_038,651.67,Swiggy,2026-08-27 21:40:03
user_047,508.71,Zomato,2026-08-27 21:40:56
user_021,495.41,BigBasket,2026-08-27 21:41:58
user_033,931.44,Flipkart,2026-08-27 21:43:13
user_026,2193.77,Swiggy,2026-08-27 21:43:16
user_013,2472.69,BigBasket,2026-08-27 21:43:50
user_043,2024.96,Zomato,2026-08-27 21:44:11
user_016,1366.93,Swiggy,2026-08-27 21:45:38
user_050,793.47,Netflix,2026-08-27 21:45:43
user_048,345.27,Ola,2026-08-27 21:45:57
user_004,209.64,Ola,2026-08-27 21:46:22
user_050,923.12,Uber,2026-08-27 21:47:05
user_047,1159.46,Netflix,2026-08-27 21:47:56
user_011,531.98,BigBasket,2026-08-27 21:47:57
user_038,263.87,Amazon,2026-08-27 21:48:15
user_038,34.92,Amazon,2026-08-27 21:48:49
user_029,275.38,Amazon,2026-08-27 21:50:10
user_034,395.88,Netflix,2026-08-27 21:50:55
user_021,282.33,Netflix,2026-08-27 21:51:21
user_018,264.7,Netflix,2026-08-27 21:51:25
user_037,810.88,Netflix,2026-08-27 21:55:04
user_050,1072.36,Uber,2026-08-27 21:55:44
user_032,352.06,Flipkart,2026-08-27 21:57:16
user_016,478.88,Ola,2026-08-27 21:57:45
user_017,1915.93,Amazon,2026-08-27 22:00:05
user_032,1008.08,BookMyShow,2026-08-27 22:00:10
user_045,150.55,Swiggy,2026-08-27 22:01:24
user_024,767.66,Amazon,2026-08-27 22:01:38
user_034,331.61,Flipkart,2026-08-27 22:01:53
user_037,854.55,Myntra,2026-08-27 22:02:14
user_009,1548.12,Amazon,2026-08-27 22:02:35
user_041,172.38,BigBasket,2026-08-27 22:03:08
user_030,647.45,BigBasket,2026-08-27 22:03:40
user_038,743.49,BookMyShow,2026-08-27 22:03:46
user_025,1031.13,Ola,2026-08-27 22:04:09
user_040,341.9,Amazon,2026-08-27 22:04:19
user_028,1605.45,Uber,2026-08-27 22:05:18
user_030,379.92,Myntra,2026-08-27 22:06:42
user_003,946.16,Uber,2026-08-27 22:06:54
user_032,1005.77,Amazon,2026-08-27 22:08:23
user_031,601.16,Swiggy,2026-08-27 22:08:53
user_011,179.99,Zomato,2026-08-27 22:09:41
user_041,256.05,Ola,2026-08-27 22:10:00
user_038,1180.44,Netflix,2026-08-27 22:10:47
user_031,1239.68,BigBasket,2026-08-27 22:10:53
user_016,187.82,BookMyShow,2026-08-27 22:11:07
user_024,2015.85,Amazon,2026-08-27 22:12:06
user_002,810.77,Swiggy,2026-08-27 22:12:56
user_043,140.08,Netflix,2026-08-27 22:13:39
user_006,399.96,Netflix,2026-08-27 22:14:52
user_003,517.72,BigBasket,2026-08-27 22:15:07
user_018,1303.06,Netflix,2026-08-27 22:17:23
user_025,1242.27,Netflix,2026-08-27 22:18:00
user_031,10.34,Zomato,2026-08-27 22:19:08
user_040,829.54,BookMyShow,2026-08-27 22:19:22
user_009,988.42,Myntra,2026-08-27 22:21:36
user_024,882.9,Swiggy,2026-08-27 22:22:27
user_045,512.6,BigBasket,2026-08-27 22:22:28
user_007,880.55,BookMyShow,2026-08-27 22:22:57
user_031,1663.46,Flipkart,2026-08-27 22:23:33
user_045,460.22,Uber,2026-08-27 22:25:51
user_036,1910.67,Ola,2026-08-27 22:25:53
user_020,558.94,Ola,2026-08-27 22:26:08
user_033,511.27,Uber,2026-08-27 22:26:14
user_005,271.5,Uber,2026-08-27 22:27:02
user_022,1060.9,Zomato,2026-08-27 22:28:23
user_031,856.9,Zomato,2026-08-27 22:28:44
user_026,681.33,Zomato,2026-08-27 22:29:27
user_017,277.19,Flipkart,2026-08-27 22:30:06
user_025,2062.92,BigBasket,2026-08-27 22:30:29
user_042,496.47,BigBasket,2026-08-27 22:30:55
user_027,287.07,BookMyShow,2026-08-27 22:31:57
user_014,1869.54,Netflix,2026-08-27 22:33:19
user_034,163.0,Netflix,2026-08-27 22:33:43
user_018,418.26,Swiggy,2026-08-27 22:34:00
user_028,1049.83,Swiggy,2026-08-27 22:34:03
user_011,1681.83,BookMyShow,2026-08-27 22:34:30
user_041,1486.71,Netflix,2026-08-27 22:35:29
user_048,265.31,Ola,2026-08-27 22:36:11
user_001,693.7,Myntra,2026-08-27 22:36:14
user_001,931.78,Myntra,2026-08-27 22:37:31
user_043,1702.15,Uber,2026-08-27 22:37:40
user_047,1235.32,Netflix,2026-08-27 22:38:01
user_019,1562.47,BookMyShow,2026-08-27 22:38:51
user_025,469.13,Swiggy,2026-08-27 22:39:00
user_018,476.86,Netflix,2026-08-27 22:39:34
user_024,307.73,Amazon,2026-08-27 22:39:37
user_023,508.6,Myntra,2026-08-27 22:39:57
user_022,1664.76,Zomato,2026-08-27 22:40:12
user_016,264.34,BookMyShow,2026-08-27 22:41:30
user_010,726.89,Uber,2026-08-27 22:42:23
user_018,1565.49,Netflix,2026-08-27 22:42:25
user_009,1854.54,Ola,2026-08-27 22:42:57
user_045,430.31,BigBasket,2026-08-27 22:43:44
user_026,253.31,Netflix,2026-08-27 22:43:56
user_049,268.7,Myntra,2026-08-27 22:44:01
user_025,701.86,BigBasket,2026-08-27 22:44:39
user_011,524.54,Netflix,2026-08-27 22:46:32
user_035,527.1,Swiggy,2026-08-27 22:46:55
user_027,1432.15,BigBasket,2026-08-27 22:47:18
user_044,937.78,Flipkart,2026-08-27 22:48:52
user_011,1375.12,BigBasket,2026-08-27 22:48:55
user_012,322.38,Ola,2026-08-27 22:49:34
user_018,624.67,Zomato,2026-08-27 22:50:07
user_012,468.64,Ola,2026-08-27 22:50:16
user_041,374.36,Ola,2026-08-27 22:50:32
user_012,417.69,Zomato,2026-08-27 22:50:34
user_027,689.39,BigBasket,2026-08-27 22:50:40
user_050,410.98,Myntra,2026-08-27 22:50:56
user_021,1604.8,Uber,2026-08-27 22:51:34
user_036,2388.07,Netflix,2026-08-27 22:52:03
user_003,12.94,BookMyShow,2026-08-27 22:53:07
user_012,343.96,BookMyShow,2026-08-27 22:53:16
user_045,429.11,Amazon,2026-08-27 22:53:34
user_013,339.6,Uber,2026-08-27 22:53:34
user_005,1845.02,Netflix,2026-08-27 22:53:39
user_030,810.54,Uber,2026-08-27 22:54:12
user_011,204.52,Swiggy,2026-08-27 22:55:40
user_017,2103.09,Swiggy,2026-08-27 22:55:57
user_020,300.92,Zomato,2026-08-27 22:56:04
user_009,959.54,Swiggy,2026-08-27 22:57:52
user_009,1058.44,Ola,2026-08-27 22:58:13
user_037,327.12,Flipkart,2026-08-27 22:58:48
user_004,192.79,Uber,2026-08-27 22:59:11
user_039,664.81,Myntra,2026-08-27 22:59:54
user_022,45000.0,Amazon,2026-08-27 23:00:00
user_021,2149.43,Myntra,2026-08-27 23:00:18
user_020,1368.34,Flipkart,2026-08-27 23:00:22
user_015,1376.46,Netflix,2026-08-27 23:02:03
user_046,152.73,Netflix,2026-08-27 23:03:24
user_019,180.62,Swiggy,2026-08-27 23:03:59
user_048,1335.91,BigBasket,2026-08-27 23:04:38
user_036,532.38,Amazon,2026-08-27 23:05:38
user_042,2315.72,Myntra,2026-08-27 23:06:33
user_019,814.34,Netflix,2026-08-27 23:07:09
user_017,2023.85,Netflix,2026-08-27 23:07:40
user_034,1307.79,BookMyShow,2026-08-27 23:07:48
user_027,893.99,Netflix,2026-08-27 23:08:11
user_032,2511.28,Amazon,2026-08-27 23:09:28
user_048,1441.86,Myntra,2026-08-27 23:09:32
user_021,218.63,Amazon,2026-08-27 23:10:52
user_046,710.15,Zomato,2026-08-27 23:11:08
user_023,789.21,Uber,2026-08-27 23:11:56
user_035,1317.55,BookMyShow,2026-08-27 23:13:33
user_015,1152.42,Zomato,2026-08-27 23:14:08
user_029,622.07,BookMyShow,2026-08-27 23:14:26
user_025,880.98,Ola,2026-08-27 23:17:31
user_013,742.3,Swiggy,2026-08-27 23:18:17
user_012,429.09,Myntra,2026-08-27 23:18:38
user_035,330.32,Amazon,2026-08-27 23:20:45
user_003,1032.43,Flipkart,2026-08-27 23:23:27
user_041,1412.13,Netflix,2026-08-27 23:24:09
user_014,1272.48,BigBasket,2026-08-27 23:24:16
user_034,865.49,Swiggy,2026-08-27 23:24:33
user_011,666.94,Amazon,2026-08-27 23:25:49
user_027,199.37,Amazon,2026-08-27 23:26:04
user_044,1568.05,Netflix,2026-08-27 23:26:30
user_023,1399.41,Uber,2026-08-27 23:27:02
user_049,96.3,Flipkart,2026-08-27 23:28:09
user_020,674.74,Myntra,2026-08-27 23:29:56
user_038,18.37,Zomato,2026-08-27 23:30:05
user_037,458.41,Amazon,2026-08-27 23:30:19
user_002,1558.24,Flipkart,2026-08-27 23:30:27
user_019,1416.34,Swiggy,2026-08-27 23:31:28
user_042,1152.03,Myntra,2026-08-27 23:33:06
user_024,1924.9,Netflix,2026-08-27 23:33:51
user_028,549.69,Ola,2026-08-27 23:34:47
user_014,1378.68,Myntra,2026-08-27 23:35:02
user_009,1062.13,Flipkart,2026-08-27 23:35:05
user_024,668.24,Amazon,2026-08-27 23:35:05
user_047,300.31,Netflix,2026-08-27 23:35:13
user_040,178.31,Ola,2026-08-27 23:37:34
user_048,1250.88,Amazon,2026-08-27 23:38:45
user_045,589.46,Uber,2026-08-27 23:39:17
user_050,1429.29,Swiggy,2026-08-27 23:40:02
user_047,753.07,BookMyShow,2026-08-27 23:40:55
user_036,784.99,Netflix,2026-08-27 23:40:58
user_046,3142.42,Myntra,2026-08-27 23:41:12
user_005,673.4,Flipkart,2026-08-27 23:42:03
user_013,584.74,BigBasket,2026-08-27 23:42:27
user_004,935.6,Ola,2026-08-27 23:42:45
user_012,1703.95,Amazon,2026-08-27 23:43:24
user_030,2413.68,Flipkart,2026-08-27 23:44:50
user_020,1094.82,Zomato,2026-08-27 23:45:38
user_043,1524.91,Netflix,2026-08-27 23:45:43
user_006,874.89,BookMyShow,2026-08-27 23:46:58
user_023,609.15,Myntra,2026-08-27 23:47:44
user_036,677.71,Zomato,2026-08-27 23:48:54
user_029,1215.49,Flipkart,2026-08-27 23:49:28
user_005,657.15,Netflix,2026-08-27 23:50:24
user_021,348.93,Netflix,2026-08-27 23:51:51
user_031,52.67,BookMyShow,2026-08-27 23:52:03
user_033,822.55,Uber,2026-08-27 23:52:08
user_019,1267.21,Netflix,2026-08-27 23:52:58
user_014,682.3,BookMyShow,2026-08-27 23:53:08
user_003,536.23,Uber,2026-08-27 23:53:11
user_033,1218.53,BigBasket,2026-08-27 23:53:46
user_034,342.86,Netflix,2026-08-27 23:54:25
user_045,259.01,Flipkart,2026-08-27 23:56:28
user_011,2220.99,Flipkart,2026-08-27 23:57:20
user_025,196.59,Flipkart,2026-08-27 23:57:21
user_022,397.65,Swiggy,2026-08-27 23:57:25
user_035,1262.32,BookMyShow,2026-08-27 23:57:36
user_032,2131.39,Swiggy,2026-08-27 23:58:27
user_011,1448.89,BookMyShow,2026-08-27 23:59:15
user_048,271.51,Zomato,2026-08-27 23:59:23
user_020,2986.49,BookMyShow,2026-08-28 00:00:28
user_011,1221.12,Zomato,2026-08-28 00:00:40
user_004,702.32,Myntra,2026-08-28 00:01:30
user_027,280.27,Zomato,2026-08-28 00:02:07
user_024,990.73,BookMyShow,2026-08-28 00:04:14
user_034,917.33,BigBasket,2026-08-28 00:04:22
user_039,690.94,BigBasket,2026-08-28 00:04:47
user_043,927.88,Flipkart,2026-08-28 00:05:44
user_038,416.35,Zomato,2026-08-28 00:06:19
user_019,1571.68,Myntra,2026-08-28 00:07:31
user_046,1116.07,Uber,2026-08-28 00:07:39
user_019,340.11,BookMyShow,2026-08-28 00:07:40
user_011,814.5,BigBasket,2026-08-28 00:07:56
user_044,1289.92,BigBasket,2026-08-28 00:07:57
user_033,653.56,Myntra,2026-08-28 00:14:34
user_045,629.2,Zomato,2026-08-28 00:14:56
user_043,1103.0,Myntra,2026-08-28 00:15:35
user_040,314.77,Swiggy,2026-08-28 00:15:48
user_025,1208.3,Zomato,2026-08-28 00:15:49
user_046,799.58,Myntra,2026-08-28 00:16:27
user_004,1260.64,Flipkart,2026-08-28 00:17:07
user_028,690.71,Myntra,2026-08-28 00:18:59
user_004,773.41,Zomato,2026-08-28 00:19:36
user_041,576.49,BookMyShow,2026-08-28 00:21:28
user_017,1592.53,Zomato,2026-08-28 00:24:20
user_009,603.96,Amazon,2026-08-28 00:24:52
user_017,392.21,Myntra,2026-08-28 00:25:17
user_028,338.48,BookMyShow,2026-08-28 00:25:19
user_005,556.42,Amazon,2026-08-28 00:25:34
user_012,742.15,BigBasket,2026-08-28 00:26:07
user_030,937.7,Myntra,2026-08-28 00:26:31
user_043,282.85,Flipkart,2026-08-28 00:26:41
user_044,218.37,BookMyShow,2026-08-28 00:30:36
user_029,348.2,Ola,2026-08-28 00:30:51
user_031,1734.06,Netflix,2026-08-28 00:31:12
user_022,1132.27,Myntra,2026-08-28 00:31:25
user_002,908.93,Netflix,2026-08-28 00:32:03
user_040,415.88,Myntra,2026-08-28 00:32:13
user_024,345.09,Amazon,2026-08-28 00:34:07
user_040,108.13,Netflix,2026-08-28 00:34:19
user_030,1530.41,Amazon,2026-08-28 00:34:32
user_024,953.86,BookMyShow,2026-08-28 00:35:39
user_023,1058.56,Myntra,2026-08-28 00:35:48
user_017,575.32,Ola,2026-08-28 00:35:55
user_028,1042.26,Netflix,2026-08-28 00:37:13
user_037,433.5,Flipkart,2026-08-28 00:37:24
user_021,266.14,Ola,2026-08-28 00:37:47
user_029,454.09,Ola,2026-08-28 00:38:22
user_036,383.62,Zomato,2026-08-28 00:38:53
user_008,2523.89,BookMyShow,2026-08-28 00:39:09
user_020,347.26,Amazon,2026-08-28 00:40:18
user_001,366.54,BigBasket,2026-08-28 00:40:46
user_036,190.94,Netflix,2026-08-28 00:43:23
user_039,891.81,Amazon,2026-08-28 00:43:46
user_029,314.89,Netflix,2026-08-28 00:45:57
user_011,2089.81,Ola,2026-08-28 00:46:14
user_034,2270.59,BookMyShow,2026-08-28 00:47:21
user_006,614.17,BigBasket,2026-08-28 00:47:53
user_048,66.88,Swiggy,2026-08-28 00:48:01
user_005,58.51,Zomato,2026-08-28 00:49:33
user_041,841.79,Ola,2026-08-28 00:50:13
user_030,1110.09,Zomato,2026-08-28 00:51:20
user_015,958.32,Uber,2026-08-28 00:52:05
user_012,1961.17,Ola,2026-08-28 00:52:12
user_026,633.29,Amazon,2026-08-28 00:52:56
user_006,1092.18,Uber,2026-08-28 00:56:07
user_026,698.26,BookMyShow,2026-08-28 00:57:02
user_031,625.91,Ola,2026-08-28 00:57:10
user_010,557.26,Ola,2026-08-28 00:57:12
user_004,147.39,Netflix,2026-08-28 00:57:18
user_023,1277.49,Swiggy,2026-08-28 00:59:09
user_016,413.07,BigBasket,2026-08-28 00:59:55
user_003,1216.36,Uber,2026-08-28 01:00:37
user_040,1029.18,Zomato,2026-08-28 01:01:24
user_025,1289.93,BookMyShow,2026-08-28 01:01:40
user_031,573.13,BigBasket,2026-08-28 01:02:13
user_044,955.71,Ola,2026-08-28 01:02:29
user_008,1299.79,Zomato,2026-08-28 01:04:00
user_017,451.45,Zomato,2026-08-28 01:05:12
user_015,862.21,Swiggy,2026-08-28 01:05:15
user_039,903.45,BookMyShow,2026-08-28 01:06:48
user_009,268.2,Uber,2026-08-28 01:07:59
user_007,171.98,Swiggy,2026-08-28 01:09:13
user_024,1648.35,BookMyShow,2026-08-28 01:09:48
user_018,852.53,Myntra,2026-08-28 01:11:46
user_015,1733.17,Myntra,2026-08-28 01:12:15
user_006,2064.51,Myntra,2026-08-28 01:13:10
user_024,421.24,Zomato,2026-08-28 01:13:48
user_039,252.14,Amazon,2026-08-28 01:15:15
user_047,993.92,BookMyShow,2026-08-28 01:15:40
user_025,1822.17,Flipkart,2026-08-28 01:15:54
user_006,2190.23,Myntra,2026-08-28 01:15:56
user_006,425.22,BigBasket,2026-08-28 01:16:38
user_029,399.45,Ola,2026-08-28 01:18:53
user_042,366.68,BigBasket,2026-08-28 01:19:03
user_012,782.93,Netflix,2026-08-28 01:20:30
user_025,123.95,Swiggy,2026-08-28 01:21:00
user_006,72.33,Flipkart,2026-08-28 01:21:17
user_008,1184.4,Uber,2026-08-28 01:22:09
user_048,558.95,Amazon,2026-08-28 01:22:27
user_042,508.3,Swiggy,2026-08-28 01:22:34
user_041,255.27,Swiggy,2026-08-28 01:22:43
user_039,789.11,Zomato,2026-08-28 01:22:52
user_021,142.76,Swiggy,2026-08-28 01:22:59
user_048,437.65,BigBasket,2026-08-28 01:23:11
user_010,372.87,Amazon,2026-08-28 01:24:10
user_041,1980.97,Uber,2026-08-28 01:24:14
user_012,485.49,BookMyShow,2026-08-28 01:25:13
user_023,248.46,Flipkart,2026-08-28 01:27:13
user_004,1035.6,Amazon,2026-08-28 01:27:31
user_031,408.05,BookMyShow,2026-08-28 01:28:34
user_028,766.69,Swiggy,2026-08-28 01:30:24
user_025,773.58,Uber,2026-08-28 01:30:29
user_011,1277.76,BookMyShow,2026-08-28 01:30:37
user_027,428.34,BookMyShow,2026-08-28 01:30:41
user_025,1665.43,Netflix,2026-08-28 01:31:00
user_028,439.68,Zomato,2026-08-28 01:31:10
user_022,150.41,BookMyShow,2026-08-28 01:31:13
user_035,357.73,Swiggy,2026-08-28 01:33:29
user_031,605.75,Zomato,2026-08-28 01:33:54
user_025,2168.83,Uber,2026-08-28 01:33:58
user_020,612.78,BookMyShow,2026-08-28 01:34:41
user_020,1044.65,Uber,2026-08-28 01:35:59
user_026,317.51,Netflix,2026-08-28 01:37:19
user_038,1660.05,Ola,2026-08-28 01:37:20
user_006,1608.24,Myntra,2026-08-28 01:37:46
user_042,542.93,Flipkart,2026-08-28 01:37:47
user_033,939.22,Netflix,2026-08-28 01:37:53
user_028,431.53,Uber,2026-08-28 01:37:58
user_041,862.08,Ola,2026-08-28 01:38:34
user_026,906.79,Zomato,2026-08-28 01:38:45
user_043,942.12,Uber,2026-08-28 01:38:49
user_050,470.71,BigBasket,2026-08-28 01:39:10
user_034,1691.41,Uber,2026-08-28 01:40:36
user_018,907.98,Myntra,2026-08-28 01:40:51
user_049,895.6,BookMyShow,2026-08-28 01:42:22
user_022,465.32,Zomato,2026-08-28 01:42:30
user_016,245.4,Swiggy,2026-08-28 01:42:54
user_017,402.11,Amazon,2026-08-28 01:43:37
user_008,805.78,Myntra,2026-08-28 01:45:02
user_011,1061.95,Ola,2026-08-28 01:45:05
user_048,541.71,BigBasket,2026-08-28 01:46:41
user_004,1213.26,Myntra,2026-08-28 01:47:38
user_015,821.94,Swiggy,2026-08-28 01:48:02
user_001,449.18,Myntra,2026-08-28 01:49:12
user_016,330.33,Swiggy,2026-08-28 01:49:20
user_046,1394.39,Zomato,2026-08-28 01:51:29
user_032,1333.71,BookMyShow,2026-08-28 01:52:56
user_050,374.83,BigBasket,2026-08-28 01:53:31
user_019,549.57,Uber,2026-08-28 01:54:13
user_012,660.36,Myntra,2026-08-28 01:54:49
user_022,929.37,Zomato,2026-08-28 01:54:59
user_050,117.2,BigBasket,2026-08-28 01:55:31
user_042,655.93,BookMyShow,2026-08-28 01:55:46
user_037,691.22,Flipkart,2026-08-28 01:55:52
user_026,577.39,Swiggy,2026-08-28 01:56:00
user_043,1022.24,Amazon,2026-08-28 01:56:21
user_043,664.93,Swiggy,2026-08-28 01:56:40
user_022,528.44,Myntra,2026-08-28 01:57:49
user_021,653.83,Flipkart,2026-08-28 01:59:01
user_009,1060.6,Myntra,2026-08-28 02:02:24
user_029,712.39,Swiggy,2026-08-28 02:03:53
user_029,89.54,Swiggy,2026-08-28 02:04:22
user_031,2416.93,Zomato,2026-08-28 02:04:47
user_030,654.93,Swiggy,2026-08-28 02:05:37
user_003,269.84,Zomato,2026-08-28 02:07:49
user_030,211.26,Swiggy,2026-08-28 02:07:54
user_019,381.4,Swiggy,2026-08-28 02:08:26
user_027,2155.61,Myntra,2026-08-28 02:08:32
user_044,127.22,Zomato,2026-08-28 02:08:56
user_016,198.15,Uber,2026-08-28 02:09:40
user_044,279.04,Flipkart,2026-08-28 02:09:57
user_033,983.97,Ola,2026-08-28 02:10:14
user_004,1772.74,Swiggy,2026-08-28 02:11:15
user_040,1014.65,Swiggy,2026-08-28 02:11:34
user_003,541.4,BookMyShow,2026-08-28 02:13:13
user_007,30.14,Swiggy,2026-08-28 02:13:41
user_012,165.62,Myntra,2026-08-28 02:14:25
user_046,1012.79,BookMyShow,2026-08-28 02:14:54
user_002,1040.62,Amazon,2026-08-28 02:15:40
user_036,685.04,Flipkart,2026-08-28 02:20:02
user_014,694.02,Uber,2026-08-28 02:21:00
user_036,1217.94,Zomato,2026-08-28 02:21:03
user_004,547.81,Ola,2026-08-28 02:21:33
user_001,214.1,Flipkart,2026-08-28 02:21:36
user_001,794.25,BigBasket,2026-08-28 02:22:10
user_042,798.88,BigBasket,2026-08-28 02:23:00
user_018,497.67,Netflix,2026-08-28 02:24:44
user_020,684.42,Netflix,2026-08-28 02:25:39
user_044,1803.19,BigBasket,2026-08-28 02:26:26
user_027,1075.06,Myntra,2026-08-28 02:26:27
user_025,960.07,BookMyShow,2026-08-28 02:27:53
user_009,621.64,BookMyShow,2026-08-28 02:28:28
user_032,433.96,Flipkart,2026-08-28 02:30:01
user_027,793.94,BigBasket,2026-08-28 02:31:32
user_022,1951.42,Swiggy,2026-08-28 02:31:53
user_039,252.49,BigBasket,2026-08-28 02:32:13
user_028,1288.58,Flipkart,2026-08-28 02:32:47
user_023,1106.59,BigBasket,2026-08-28 02:33:11
user_028,2255.5,Flipkart,2026-08-28 02:33:12
user_028,236.81,Ola,2026-08-28 02:34:58
user_014,925.62,Myntra,2026-08-28 02:34:58
user_002,389.38,Zomato,2026-08-28 02:35:18
user_040,2207.73,Ola,2026-08-28 02:35:34
user_043,474.11,Zomato,2026-08-28 02:36:13
user_036,1961.12,Myntra,2026-08-28 02:36:47
user_029,588.36,Myntra,2026-08-28 02:38:03
user_018,793.82,Myntra,2026-08-28 02:38:37
user_019,294.85,BigBasket,2026-08-28 02:38:52
user_009,614.77,Ola,2026-08-28 02:40:14
user_029,770.3,Netflix,2026-08-28 02:40:56
user_013,888.38,BookMyShow,2026-08-28 02:41:22
user_047,761.34,BookMyShow,2026-08-28 02:43:02
user_028,569.87,Zomato,2026-08-28 02:43:08
user_033,769.92,BigBasket,2026-08-28 02:43:26
user_050,688.24,Uber,2026-08-28 02:43:48
user_021,511.65,Myntra,2026-08-28 02:44:56
user_039,679.4,Flipkart,2026-08-28 02:46:33
user_009,185.18,Myntra,2026-08-28 02:46:44
user_047,2282.96,Netflix,2026-08-28 02:47:18
user_039,831.57,BookMyShow,2026-08-28 02:47:22
user_046,968.27,BigBasket,2026-08-28 02:47:34
user_016,332.99,BookMyShow,2026-08-28 02:47:46
user_046,652.56,Ola,2026-08-28 02:47:51
user_046,964.8,Flipkart,2026-08-28 02:48:14
user_026,186.8,BigBasket,2026-08-28 02:48:26
user_042,1042.08,Swiggy,2026-08-28 02:48:59
user_016,436.87,Netflix,2026-08-28 02:49:14
user_037,548.4,Zomato,2026-08-28 02:49:29
user_044,472.37,Swiggy,2026-08-28 02:51:00
user_040,707.48,Uber,2026-08-28 02:51:37
user_040,321.65,Uber,2026-08-28 02:53:02
user_005,1001.69,Netflix,2026-08-28 02:54:14
user_016,188.64,Netflix,2026-08-28 02:54:51
user_037,391.65,Flipkart,2026-08-28 02:55:17
user_003,440.47,Zomato,2026-08-28 02:55:42
user_035,337.94,Myntra,2026-08-28 02:58:58
user_028,811.65,Flipkart,2026-08-28 03:00:43
user_004,746.42,Uber,2026-08-28 03:01:06
user_043,639.02,Zomato,2026-08-28 03:02:03
user_047,1073.06,Netflix,2026-08-28 03:03:48
user_041,769.51,Swiggy,2026-08-28 03:03:51
user_037,1179.58,Swiggy,2026-08-28 03:03:55
user_022,1313.02,Zomato,2026-08-28 03:03:58
user_024,1585.76,Myntra,2026-08-28 03:06:19
user_021,243.4,Swiggy,2026-08-28 03:06:31
user_049,979.31,Zomato,2026-08-28 03:08:28
user_008,238.0,Zomato,2026-08-28 03:08:43
user_033,700.52,BigBasket,2026-08-28 03:09:33
user_016,663.78,Uber,2026-08-28 03:09:50
user_048,628.35,Flipkart,2026-08-28 03:10:04
user_002,208.55,Zomato,2026-08-28 03:10:10
user_005,2431.13,Swiggy,2026-08-28 03:11:53
user_035,881.05,Flipkart,2026-08-28 03:12:50
user_030,493.27,Ola,2026-08-28 03:13:17
user_001,1259.91,Uber,2026-08-28 03:13:32
user_039,547.0,BigBasket,2026-08-28 03:15:15
user_039,90.41,Amazon,2026-08-28 03:16:16
user_024,2445.03,Swiggy,2026-08-28 03:16:43
user_019,1104.23,Amazon,2026-08-28 03:17:06
user_003,2149.82,Zomato,2026-08-28 03:17:16
user_035,1509.81,Swiggy,2026-08-28 03:17:53
user_003,746.1,Myntra,2026-08-28 03:19:32
user_043,413.58,Ola,2026-08-28 03:21:26
user_013,355.21,Myntra,2026-08-28 03:21:47
user_024,191.12,BigBasket,2026-08-28 03:23:27
user_044,1062.79,Uber,2026-08-28 03:24:04
user_006,216.78,Netflix,2026-08-28 03:24:09
user_019,562.16,BigBasket,2026-08-28 03:24:23
user_001,534.95,Zomato,2026-08-28 03:24:25
user_001,1419.59,Flipkart,2026-08-28 03:24:47
user_012,277.93,Netflix,2026-08-28 03:25:53
user_026,476.23,Myntra,2026-08-28 03:26:42
user_004,396.35,Netflix,2026-08-28 03:26:42
user_034,2837.29,Myntra,2026-08-28 03:28:16
user_049,851.25,Zomato,2026-08-28 03:29:02
user_041,949.06,Uber,2026-08-28 03:30:28
user_006,412.13,Netflix,2026-08-28 03:30:48
user_046,724.77,Uber,2026-08-28 03:31:38
user_013,422.5,Ola,2026-08-28 03:32:11
user_015,1640.9,Zomato,2026-08-28 03:33:04
user_022,132.36,Myntra,2026-08-28 03:33:29
user_030,724.78,Myntra,2026-08-28 03:35:00
user_024,788.72,Zomato,2026-08-28 03:35:54
user_028,277.42,Ola,2026-08-28 03:37:13
user_018,1058.63,Flipkart,2026-08-28 03:39:14
user_036,348.87,Myntra,2026-08-28 03:39:26
user_018,91.31,Netflix,2026-08-28 03:41:16
user_023,934.87,Netflix,2026-08-28 03:41:40
user_012,775.26,Zomato,2026-08-28 03:42:30
user_013,30.46,BookMyShow,2026-08-28 03:42:37
user_040,230.58,Zomato,2026-08-28 03:43:08
user_034,485.49,BookMyShow,2026-08-28 03:43:31
user_037,780.9,Uber,2026-08-28 03:43:45
user_015,911.38,Swiggy,2026-08-28 03:44:01
user_008,704.31,Netflix,2026-08-28 03:44:09
user_024,523.58,Amazon,2026-08-28 03:45:37
user_036,239.52,Swiggy,2026-08-28 03:47:01
user_048,394.71,Flipkart,2026-08-28 03:47:12
user_048,552.7,BigBasket,2026-08-28 03:48:18
user_028,202.37,Flipkart,2026-08-28 03:48:33
user_036,612.91,Amazon,2026-08-28 03:48:35
user_038,2128.1,Swiggy,2026-08-28 03:48:40
user_033,3643.53,Ola,2026-08-28 03:49:00
user_038,530.33,Flipkart,2026-08-28 03:51:01
user_020,1021.36,Flipkart,2026-08-28 03:51:02
user_043,639.97,BookMyShow,2026-08-28 03:53:59
user_034,738.45,Swiggy,2026-08-28 03:55:26
user_027,2046.16,Swiggy,2026-08-28 03:56:37
user_011,968.61,BookMyShow,2026-08-28 03:56:42
user_015,87.09,Zomato,2026-08-28 03:57:16
user_016,447.03,Ola,2026-08-28 03:58:22
user_001,650.14,Amazon,2026-08-28 04:03:12
user_028,135.09,Uber,2026-08-28 04:04:22
user_050,1911.48,Netflix,2026-08-28 04:04:39
user_031,933.52,Zomato,2026-08-28 04:05:12
user_007,1125.59,Swiggy,2026-08-28 04:05:32
user_042,833.15,Netflix,2026-08-28 04:05:42
user_047,347.4,Ola,2026-08-28 04:06:05
user_005,589.66,BookMyShow,2026-08-28 04:07:44
user_021,1324.64,BigBasket,2026-08-28 04:07:55
user_009,197.16,Amazon,2026-08-28 04:08:29
user_029,537.23,Swiggy,2026-08-28 04:08:57
user_022,974.75,Zomato,2026-08-28 04:09:55
user_015,589.36,Amazon,2026-08-28 04:10:02
user_033,122.93,Myntra,2026-08-28 04:10:13
user_011,628.96,Uber,2026-08-28 04:12:43
user_017,1041.91,BigBasket,2026-08-28 04:12:48
user_047,647.63,Ola,2026-08-28 04:12:56
user_039,800.75,Swiggy,2026-08-28 04:14:03
user_039,712.64,BigBasket,2026-08-28 04:15:52
user_004,448.71,BigBasket,2026-08-28 04:16:33
user_007,301.91,Flipkart,2026-08-28 04:17:23
user_024,1072.7,Amazon,2026-08-28 04:17:24
user_044,80.0,Netflix,2026-08-28 04:17:26
user_027,1211.12,Myntra,2026-08-28 04:17:47
user_014,619.47,Ola,2026-08-28 04:18:53
user_025,1315.1,Ola,2026-08-28 04:19:01
user_033,859.77,Swiggy,2026-08-28 04:19:07
user_035,278.32,BookMyShow,2026-08-28 04:19:39
user_031,428.53,Myntra,2026-08-28 04:19:48
user_050,697.59,Myntra,2026-08-28 04:24:48
user_031,1914.28,Zomato,2026-08-28 04:25:22
user_006,649.9,BookMyShow,2026-08-28 04:25:42
user_043,1325.07,Netflix,2026-08-28 04:26:19
user_041,2204.76,Myntra,2026-08-28 04:26:30
user_022,493.06,Flipkart,2026-08-28 04:27:55
user_041,508.15,Uber,2026-08-28 04:28:08
user_044,482.5,Swiggy,2026-08-28 04:28:21
user_019,732.27,BigBasket,2026-08-28 04:28:56
user_037,597.69,Flipkart,2026-08-28 04:29:03
user_034,1163.77,Netflix,2026-08-28 04:29:50
user_024,479.19,Swiggy,2026-08-28 04:30:06
user_034,621.0,Uber,2026-08-28 04:30:20
user_021,840.66,Swiggy,2026-08-28 04:30:36
user_027,248.08,Swiggy,2026-08-28 04:30:44
user_037,938.52,Swiggy,2026-08-28 04:32:51
user_003,1155.77,BookMyShow,2026-08-28 04:32:53
user_044,559.54,Swiggy,2026-08-28 04:33:01
user_027,475.08,Myntra,2026-08-28 04:33:10
user_039,81.46,Netflix,2026-08-28 04:33:25
user_007,150.48,Swiggy,2026-08-28 04:34:28
user_041,958.46,Myntra,2026-08-28 04:34:31
user_007,565.56,Flipkart,2026-08-28 04:34:44
user_018,177.78,Ola,2026-08-28 04:35:39
user_018,537.79,Zomato,2026-08-28 04:36:37
user_048,448.57,Myntra,2026-08-28 04:37:24
user_025,970.17,Swiggy,2026-08-28 04:38:07
user_023,648.34,BigBasket,2026-08-28 04:38:55
user_017,302.57,Myntra,2026-08-28 04:38:56
user_029,1040.23,Flipkart,2026-08-28 04:39:07
user_018,856.64,Myntra,2026-08-28 04:39:36
user_031,328.99,BigBasket,2026-08-28 04:40:55
user_028,427.89,BigBasket,2026-08-28 04:41:19
user_046,543.48,BigBasket,2026-08-28 04:41:52
user_023,874.94,Swiggy,2026-08-28 04:42:11
user_043,1724.56,BookMyShow,2026-08-28 04:42:48
user_004,1298.16,Ola,2026-08-28 04:44:26
user_012,1229.1,Myntra,2026-08-28 04:45:05
user_005,797.49,Uber,2026-08-28 04:46:16
user_008,351.24,Uber,2026-08-28 04:46:26
user_008,259.59,Ola,2026-08-28 04:46:37
user_011,749.24,BigBasket,2026-08-28 04:46:40
user_045,519.91,Netflix,2026-08-28 04:47:36
user_019,296.62,Ola,2026-08-28 04:47:47
user_028,1722.55,Swiggy,2026-08-28 04:49:36
user_045,1082.79,Zomato,2026-08-28 04:51:51
user_003,1895.41,BookMyShow,2026-08-28 04:52:47
user_027,673.19,Myntra,2026-08-28 04:53:02
user_049,519.95,BigBasket,2026-08-28 04:53:31
user_027,614.76,BookMyShow,2026-08-28 04:53:32
user_032,674.06,Flipkart,2026-08-28 04:53:58
user_011,439.2,Swiggy,2026-08-28 04:55:02
user_023,50.13,Uber,2026-08-28 04:56:26
user_011,1186.35,Amazon,2026-08-28 04:57:25
user_014,630.37,Zomato,2026-08-28 04:58:52
user_026,947.99,Ola,2026-08-28 05:00:45
user_048,1386.05,BigBasket,2026-08-28 05:00:53
user_009,808.71,BigBasket,2026-08-28 05:01:03
user_033,557.2,BigBasket,2026-08-28 05:01:10
user_046,593.6,Swiggy,2026-08-28 05:01:29
user_043,2661.07,Netflix,2026-08-28 05:01:42
user_029,711.7,Myntra,2026-08-28 05:01:45
user_023,411.33,Netflix,2026-08-28 05:02:20
user_016,224.36,BigBasket,2026-08-28 05:02:53
user_031,644.8,Ola,2026-08-28 05:04:24
user_014,611.14,Amazon,2026-08-28 05:04:58
user_001,606.41,Myntra,2026-08-28 05:05:05
user_023,469.63,BookMyShow,2026-08-28 05:05:40
user_016,691.81,Zomato,2026-08-28 05:05:50
user_026,757.5,Flipkart,2026-08-28 05:06:02
user_034,474.01,Amazon,2026-08-28 05:08:32
user_013,156.29,BookMyShow,2026-08-28 05:08:32
user_006,1108.53,Flipkart,2026-08-28 05:08:54
user_024,741.81,Amazon,2026-08-28 05:09:11
user_013,409.75,Netflix,2026-08-28 05:10:28
user_006,677.73,BookMyShow,2026-08-28 05:10:42
user_030,229.56,Ola,2026-08-28 05:10:55
user_019,942.51,Netflix,2026-08-28 05:14:05
user_044,1234.59,Netflix,2026-08-28 05:14:16
user_007,649.71,BookMyShow,2026-08-28 05:15:10
user_006,875.01,Netflix,2026-08-28 05:15:23
user_028,827.15,Uber,2026-08-28 05:15:54
user_027,1567.4,Myntra,2026-08-28 05:18:00
user_022,1244.02,Swiggy,2026-08-28 05:18:53
user_033,990.43,Myntra,2026-08-28 05:18:57
user_012,179.59,Uber,2026-08-28 05:19:09
user_037,1145.68,Amazon,2026-08-28 05:20:42
user_013,1694.17,Ola,2026-08-28 05:20:49
user_030,593.57,Myntra,2026-08-28 05:20:59
user_009,1212.46,Uber,2026-08-28 05:21:13
user_036,432.81,Uber,2026-08-28 05:21:24
user_050,965.39,Swiggy,2026-08-28 05:22:19
user_030,1524.0,BookMyShow,2026-08-28 05:23:40
user_024,63.35,BookMyShow,2026-08-28 05:24:06
user_013,792.09,Netflix,2026-08-28 05:24:32
user_034,1111.12,Flipkart,2026-08-28 05:25:16
user_036,1401.93,Netflix,2026-08-28 05:25:19
user_002,1372.21,Ola,2026-08-28 05:26:24
user_013,392.58,Netflix,2026-08-28 05:26:47
user_034,369.05,Netflix,2026-08-28 05:26:59
user_038,2090.54,Myntra,2026-08-28 05:27:00
user_004,1287.06,Ola,2026-08-28 05:27:18
user_020,187.22,Uber,2026-08-28 05:28:00
user_049,400.88,BookMyShow,2026-08-28 05:28:19
user_035,377.41,BigBasket,2026-08-28 05:29:43
user_030,318.02,Ola,2026-08-28 05:29:52
user_043,252.48,Ola,2026-08-28 05:34:45
user_011,1115.58,Swiggy,2026-08-28 05:35:07
user_050,865.12,BigBasket,2026-08-28 05:35:40
user_012,618.0,Ola,2026-08-28 05:36:02
user_042,583.23,BookMyShow,2026-08-28 05:36:07
user_034,237.08,Netflix,2026-08-28 05:36:17
user_012,1020.56,Zomato,2026-08-28 05:37:08
user_037,967.03,Flipkart,2026-08-28 05:37:57
user_015,1464.65,Flipkart,2026-08-28 05:38:09
user_010,1938.96,Ola,2026-08-28 05:38:19
user_004,911.66,BigBasket,2026-08-28 05:38:22
user_008,364.2,Zomato,2026-08-28 05:39:16
user_020,584.04,BookMyShow,2026-08-28 05:39:55
user_001,891.95,Uber,2026-08-28 05:40:43
user_009,323.83,Netflix,2026-08-28 05:41:38
user_009,241.53,Myntra,2026-08-28 05:42:17
user_022,1082.47,Netflix,2026-08-28 05:43:52
user_015,654.25,Netflix,2026-08-28 05:44:43
user_049,874.46,BigBasket,2026-08-28 05:44:51
user_031,555.02,Ola,2026-08-28 05:46:34
user_023,2224.0,Flipkart,2026-08-28 05:46:38
user_035,143.73,Zomato,2026-08-28 05:47:27
user_029,331.39,Zomato,2026-08-28 05:48:15
user_018,813.61,Swiggy,2026-08-28 05:48:32
user_041,498.92,Ola,2026-08-28 05:48:45
user_045,197.77,Flipkart,2026-08-28 05:49:06
user_042,188.44,Flipkart,2026-08-28 05:49:51
user_033,585.95,Swiggy,2026-08-28 05:51:06
user_044,858.14,BigBasket,2026-08-28 05:51:06
user_003,839.9,Amazon,2026-08-28 05:51:07
user_012,422.34,Amazon,2026-08-28 05:51:22
user_020,1347.64,Ola,2026-08-28 05:51:28
user_017,2099.93,Swiggy,2026-08-28 05:53:43
user_049,731.84,Swiggy,2026-08-28 05:53:45
user_021,375.34,BigBasket,2026-08-28 05:55:03
user_041,1418.29,Myntra,2026-08-28 05:56:12
user_045,612.07,Amazon,2026-08-28 05:57:36
user_002,146.82,Uber,2026-08-28 05:57:50
user_048,752.67,BigBasket,2026-08-28 05:58:01
user_002,70.89,Uber,2026-08-28 05:58:49
user_008,934.9,Netflix,2026-08-28 05:59:34
user_046,532.77,Myntra,2026-08-28 05:59:42
user_005,934.94,Uber,2026-08-28 05:59:42
user_026,593.59,Flipkart,2026-08-28 05:59:44
user_050,1590.13,Ola,2026-08-28 06:01:51
user_017,287.91,Uber,2026-08-28 06:01:53
user_011,574.7,BookMyShow,2026-08-28 06:01:58
user_023,854.72,Swiggy,2026-08-28 06:02:28
user_022,889.31,Myntra,2026-08-28 06:02:30
user_001,1471.93,Amazon,2026-08-28 06:02:37
user_007,654.58,BigBasket,2026-08-28 06:02:46
user_048,566.92,Flipkart,2026-08-28 06:03:20
user_033,426.67,Zomato,2026-08-28 06:03:52
user_018,219.95,Uber,2026-08-28 06:04:02
user_020,969.17,Swiggy,2026-08-28 06:04:09
user_049,2096.15,Ola,2026-08-28 06:05:52
user_029,576.1,Amazon,2026-08-28 06:06:05
user_004,367.71,Ola,2026-08-28 06:07:42
user_007,197.04,Flipkart,2026-08-28 06:08:19
user_030,660.44,Swiggy,2026-08-28 06:08:42
user_033,363.95,Amazon,2026-08-28 06:11:09
user_047,634.09,Swiggy,2026-08-28 06:11:11
user_039,247.09,BigBasket,2026-08-28 06:11:55
user_024,152.74,Swiggy,2026-08-28 06:12:06
user_003,690.48,BookMyShow,2026-08-28 06:12:30
user_039,1333.97,Zomato,2026-08-28 06:12:48
user_037,473.53,Ola,2026-08-28 06:12:52
user_022,774.0,Swiggy,2026-08-28 06:13:00
user_048,317.76,Amazon,2026-08-28 06:13:38
user_015,1841.83,Amazon,2026-08-28 06:14:43
user_017,1513.43,Myntra,2026-08-28 06:15:50
user_027,324.23,Netflix,2026-08-28 06:15:56
user_043,1368.09,Uber,2026-08-28 06:16:08
user_024,398.12,Uber,2026-08-28 06:16:59
user_024,641.86,Netflix,2026-08-28 06:20:10
user_044,736.66,BigBasket,2026-08-28 06:21:56
user_007,953.7,Ola,2026-08-28 06:21:57
user_029,308.67,BookMyShow,2026-08-28 06:22:08
user_019,695.86,Uber,2026-08-28 06:22:11
user_015,512.08,Ola,2026-08-28 06:22:35
user_001,1031.71,Ola,2026-08-28 06:23:34
user_022,834.82,Amazon,2026-08-28 06:25:10
user_041,631.85,BookMyShow,2026-08-28 06:25:20
user_036,1448.09,Flipkart,2026-08-28 06:25:28
user_023,163.31,Flipkart,2026-08-28 06:26:34
user_015,86.37,BigBasket,2026-08-28 06:27:16
user_049,2849.78,Swiggy,2026-08-28 06:27:56
user_026,491.24,Flipkart,2026-08-28 06:28:00
user_014,446.15,Amazon,2026-08-28 06:28:12
user_038,362.38,Netflix,2026-08-28 06:28:57
user_007,270.98,Netflix,2026-08-28 06:30:30
user_004,527.04,Myntra,2026-08-28 06:32:30
user_030,1241.99,BookMyShow,2026-08-28 06:32:34
user_042,742.56,Zomato,2026-08-28 06:32:49
user_008,803.92,Uber,2026-08-28 06:35:43
user_005,458.93,Zomato,2026-08-28 06:36:54
user_048,179.54,Uber,2026-08-28 06:37:00
user_027,124.11,BigBasket,2026-08-28 06:37:12
user_040,859.54,Amazon,2026-08-28 06:37:26
user_006,812.2,BookMyShow,2026-08-28 06:37:40
user_012,858.81,Swiggy,2026-08-28 06:39:52
user_011,877.28,Uber,2026-08-28 06:39:53
user_041,554.9,Zomato,2026-08-28 06:39:54
user_050,579.9,Ola,2026-08-28 06:41:07
user_049,283.82,Flipkart,2026-08-28 06:41:34
user_022,1278.06,Zomato,2026-08-28 06:41:56
user_047,1236.24,Myntra,2026-08-28 06:42:47
user_011,648.34,Netflix,2026-08-28 06:42:52
user_025,973.61,Netflix,2026-08-28 06:42:54
user_003,1722.26,Swiggy,2026-08-28 06:43:13
user_035,1645.07,Uber,2026-08-28 06:43:51
user_047,2516.44,Amazon,2026-08-28 06:43:58
user_041,493.44,BookMyShow,2026-08-28 06:44:06
user_002,58.36,BookMyShow,2026-08-28 06:44:25
user_050,697.94,BookMyShow,2026-08-28 06:46:06
user_006,363.68,Ola,2026-08-28 06:46:26
user_034,1542.57,Netflix,2026-08-28 06:49:18
user_025,1874.22,Flipkart,2026-08-28 06:49:21
user_013,1009.23,Amazon,2026-08-28 06:49:39
user_031,875.09,Ola,2026-08-28 06:50:18
user_050,65.37,Ola,2026-08-28 06:50:36
user_010,267.95,BigBasket,2026-08-28 06:51:15
user_045,2397.48,Uber,2026-08-28 06:51:37
user_009,393.44,Zomato,2026-08-28 06:53:12
user_004,116.55,Flipkart,2026-08-28 06:54:21
user_015,452.43,Myntra,2026-08-28 06:55:07
user_013,773.39,Zomato,2026-08-28 06:55:57
user_009,634.07,Netflix,2026-08-28 06:56:14
user_044,113.6,Uber,2026-08-28 06:57:56
user_031,362.37,Zomato,2026-08-28 06:58:18
user_048,472.05,BookMyShow,2026-08-28 06:58:49
user_023,725.6,BookMyShow,2026-08-28 06:58:51
user_011,1474.14,Flipkart,2026-08-28 07:00:54
user_018,969.57,Uber,2026-08-28 07:01:16
user_018,910.21,Netflix,2026-08-28 07:01:34
user_047,302.96,Netflix,2026-08-28 07:01:35
user_043,519.44,Ola,2026-08-28 07:01:56
user_005,134.41,BookMyShow,2026-08-28 07:02:00
user_019,635.66,Uber,2026-08-28 07:02:29
user_018,1853.56,Ola,2026-08-28 07:03:01
user_025,1087.01,Ola,2026-08-28 07:04:10
user_036,550.73,Netflix,2026-08-28 07:04:31
user_018,404.64,Flipkart,2026-08-28 07:04:37
user_044,789.89,Uber,2026-08-28 07:05:03
user_028,417.21,Ola,2026-08-28 07:05:16
user_050,727.41,Flipkart,2026-08-28 07:06:09
user_011,1042.8,Ola,2026-08-28 07:06:33
user_028,369.87,Zomato,2026-08-28 07:06:42
user_039,1110.56,Ola,2026-08-28 07:07:18
user_006,270.95,BookMyShow,2026-08-28 07:08:50
user_032,205.08,Ola,2026-08-28 07:10:17
user_036,1736.45,Ola,2026-08-28 07:10:29
user_012,952.66,Swiggy,2026-08-28 07:11:27
user_034,1008.21,Myntra,2026-08-28 07:12:08
user_045,930.88,Uber,2026-08-28 07:12:43
user_018,987.19,Ola,2026-08-28 07:14:50
user_050,608.17,BookMyShow,2026-08-28 07:15:31
user_046,697.18,Uber,2026-08-28 07:16:13
user_037,528.71,BookMyShow,2026-08-28 07:16:40
user_036,789.04,Ola,2026-08-28 07:20:22
user_046,624.5,Myntra,2026-08-28 07:20:40
user_006,616.91,BigBasket,2026-08-28 07:20:55
user_022,2052.4,Myntra,2026-08-28 07:21:21
user_041,516.26,Uber,2026-08-28 07:22:14
user_012,1553.71,Uber,2026-08-28 07:22:21
user_019,571.58,BookMyShow,2026-08-28 07:22:40
user_028,393.65,Amazon,2026-08-28 07:23:04
user_043,699.03,Netflix,2026-08-28 07:23:19
user_005,642.33,Swiggy,2026-08-28 07:23:30
user_028,571.5,Zomato,2026-08-28 07:26:00
user_029,805.14,BookMyShow,2026-08-28 07:26:25
user_011,306.19,Netflix,2026-08-28 07:26:45
user_032,757.61,Ola,2026-08-28 07:27:08
user_040,1155.23,Ola,2026-08-28 07:27:48
user_023,106.27,BigBasket,2026-08-28 07:28:38
user_007,459.57,Myntra,2026-08-28 07:29:22
user_008,213.58,BigBasket,2026-08-28 07:29:27
user_010,875.75,Zomato,2026-08-28 07:29:41
user_003,446.98,BookMyShow,2026-08-28 07:30:06
user_006,428.25,Ola,2026-08-28 07:32:22
user_026,676.45,BookMyShow,2026-08-28 07:34:49
user_031,558.25,BookMyShow,2026-08-28 07:35:52
user_023,1023.56,BigBasket,2026-08-28 07:38:21
user_030,2557.34,Zomato,2026-08-28 07:39:20
user_034,436.46,BookMyShow,2026-08-28 07:40:09
user_029,704.14,Uber,2026-08-28 07:40:25
user_043,591.32,BookMyShow,2026-08-28 07:41:18
user_050,205.93,Zomato,2026-08-28 07:41:25
user_044,1026.15,Myntra,2026-08-28 07:42:17
user_017,707.15,Flipkart,2026-08-28 07:45:24
user_006,686.45,Uber,2026-08-28 07:45:31
user_039,286.02,Amazon,2026-08-28 07:46:08
user_049,536.79,BigBasket,2026-08-28 07:46:13
user_048,141.41,Zomato,2026-08-28 07:47:30
user_013,616.79,Uber,2026-08-28 07:48:52
user_002,1365.07,Amazon,2026-08-28 07:49:01
user_025,423.58,BookMyShow,2026-08-28 07:49:15
user_002,964.9,BigBasket,2026-08-28 07:50:03
user_008,385.94,Zomato,2026-08-28 07:50:40
user_023,688.02,Flipkart,2026-08-28 07:52:03
user_044,116.1,Zomato,2026-08-28 07:52:25
user_005,383.96,Ola,2026-08-28 07:55:02
user_030,601.69,Netflix,2026-08-28 07:55:44
user_008,903.76,Amazon,2026-08-28 07:56:18
user_027,763.77,Zomato,2026-08-28 07:57:47
user_032,843.62,BookMyShow,2026-08-28 07:58:30
user_045,1488.86,BigBasket,2026-08-28 08:00:02
user_010,368.42,Ola,2026-08-28 08:01:30
user_046,1223.75,Myntra,2026-08-28 08:01:53
user_046,1193.29,Ola,2026-08-28 08:02:18
user_018,648.92,Ola,2026-08-28 08:02:58
user_040,1712.65,Netflix,2026-08-28 08:03:52
user_046,510.02,Myntra,2026-08-28 08:04:02
user_029,325.77,Swiggy,2026-08-28 08:04:10
user_035,994.98,Uber,2026-08-28 08:05:05
user_012,1138.81,BookMyShow,2026-08-28 08:06:05
user_047,311.66,BigBasket,2026-08-28 08:06:49
user_005,522.95,Ola,2026-08-28 08:07:07
user_017,354.41,Flipkart,2026-08-28 08:07:18
user_042,766.74,Swiggy,2026-08-28 08:08:03
user_028,537.0,BookMyShow,2026-08-28 08:08:27
user_023,747.33,Flipkart,2026-08-28 08:10:42
user_050,92.59,Zomato,2026-08-28 08:11:47
user_017,451.81,Flipkart,2026-08-28 08:12:59
user_015,497.1,BigBasket,2026-08-28 08:13:31
user_016,760.25,BigBasket,2026-08-28 08:13:54
user_045,233.82,Swiggy,2026-08-28 08:15:17
user_038,206.83,Uber,2026-08-28 08:15:46
user_007,718.06,Uber,2026-08-28 08:15:48
user_027,96.96,Ola,2026-08-28 08:15:53
user_011,296.25,Swiggy,2026-08-28 08:16:08
user_047,95.54,Netflix,2026-08-28 08:16:29
user_040,1193.49,Flipkart,2026-08-28 08:17:19
user_009,879.09,Myntra,2026-08-28 08:17:39
user_037,1103.44,Netflix,2026-08-28 08:18:24
user_050,246.77,Zomato,2026-08-28 08:18:44
user_016,86.89,Flipkart,2026-08-28 08:19:55
user_049,868.61,Uber,2026-08-28 08:20:12
user_019,398.75,BigBasket,2026-08-28 08:20:58
user_012,34.89,Zomato,2026-08-28 08:21:25
user_050,221.77,Zomato,2026-08-28 08:21:32
user_049,823.92,BigBasket,2026-08-28 08:21:48
user_043,914.04,Flipkart,2026-08-28 08:21:49
user_012,272.03,Myntra,2026-08-28 08:22:03
user_035,888.13,Uber,2026-08-28 08:22:16
user_029,1359.5,Flipkart,2026-08-28 08:23:02
user_039,1245.49,Uber,2026-08-28 08:24:05
user_029,735.03,Ola,2026-08-28 08:24:38
user_035,545.34,BookMyShow,2026-08-28 08:25:19
user_036,446.71,Netflix,2026-08-28 08:25:43
user_016,990.99,Uber,2026-08-28 08:28:11
user_041,591.56,Myntra,2026-08-28 08:29:35
user_021,1136.27,Uber,2026-08-28 08:30:59
user_045,407.34,Netflix,2026-08-28 08:32:26
user_010,1498.64,Uber,2026-08-28 08:35:26
user_043,608.71,Uber,2026-08-28 08:35:39
user_030,1604.35,Myntra,2026-08-28 08:37:09
user_006,1501.62,BookMyShow,2026-08-28 08:37:34
user_035,551.11,Amazon,2026-08-28 08:38:16
user_030,411.4,Uber,2026-08-28 08:38:17
user_031,1612.41,Myntra,2026-08-28 08:38:25
user_026,365.9,BookMyShow,2026-08-28 08:38:59
user_040,594.86,Netflix,2026-08-28 08:39:35
user_037,634.07,Ola,2026-08-28 08:39:39
user_013,713.51,Zomato,2026-08-28 08:39:56
user_044,1291.67,Zomato,2026-08-28 08:40:08
user_023,452.55,Flipkart,2026-08-28 08:40:15
user_012,1910.9,Myntra,2026-08-28 08:40:56
user_022,826.2,Netflix,2026-08-28 08:42:12
user_003,926.59,Uber,2026-08-28 08:43:17
user_004,883.5,Swiggy,2026-08-28 08:44:58
user_021,847.74,BookMyShow,2026-08-28 08:46:31
user_004,1834.37,Swiggy,2026-08-28 08:47:44
user_001,1021.85,Uber,2026-08-28 08:47:59
user_044,522.04,Swiggy,2026-08-28 08:48:06
user_001,313.35,Netflix,2026-08-28 08:49:52
user_036,900.71,Flipkart,2026-08-28 08:49:59
user_045,756.37,Swiggy,2026-08-28 08:50:14
user_017,363.28,Netflix,2026-08-28 08:50:24
user_024,1101.8,Flipkart,2026-08-28 08:50:54
user_047,1387.22,Amazon,2026-08-28 08:51:44
user_031,400.25,Uber,2026-08-28 08:52:09
user_003,206.99,Myntra,2026-08-28 08:52:24
user_023,388.15,Amazon,2026-08-28 08:52:28
user_023,1217.05,BigBasket,2026-08-28 08:52:59
user_050,1678.32,Flipkart,2026-08-28 08:56:33
user_019,1077.99,Amazon,2026-08-28 08:58:18
user_040,433.63,Amazon,2026-08-28 08:59:23
user_008,290.57,Swiggy,2026-08-28 08:59:24
user_007,1830.08,Swiggy,2026-08-28 08:59:34
user_002,1643.4,BigBasket,2026-08-28 09:00:30
user_042,410.93,BookMyShow,2026-08-28 09:00:36
user_019,1295.12,Swiggy,2026-08-28 09:00:46
user_005,110.12,Flipkart,2026-08-28 09:00:51
user_011,559.55,Swiggy,2026-08-28 09:00:54
user_019,1055.06,Uber,2026-08-28 09:01:05
user_036,545.95,Uber,2026-08-28 09:01:12
user_040,260.06,Ola,2026-08-28 09:01:19
user_023,1231.25,Myntra,2026-08-28 09:03:16
user_007,753.29,Myntra,2026-08-28 09:03:20
user_044,738.49,Flipkart,2026-08-28 09:03:30
user_020,1159.66,Amazon,2026-08-28 09:03:37
user_034,398.38,Flipkart,2026-08-28 09:03:44
user_018,897.81,Flipkart,2026-08-28 09:03:36
user_001,997.29,BookMyShow,2026-08-28 09:03:58
user_040,598.67,Zomato,2026-08-28 09:03:58
user_045,730.17,BookMyShow,2026-08-28 09:04:12
user_035,1296.21,Myntra,2026-08-28 09:04:01
user_044,37.86,Uber,2026-08-28 09:03:16
user_044,15.94,Zomato,2026-08-28 09:03:20
user_044,42.94,Swiggy,2026-08-28 09:03:24
user_044,51.9,BookMyShow,2026-08-28 09:03:28
user_044,17.78,BigBasket,2026-08-28 09:03:32
user_044,33.7,Zomato,2026-08-28 09:03:36
user_044,31.77,BookMyShow,2026-08-28 09:03:40
user_044,19.44,Ola,2026-08-28 09:03:44
user_044,19.49,Swiggy,2026-08-28 09:03:48
user_044,34.02,Amazon,2026-08-28 09:03:52
user_003,1069.18,Netflix,2026-08-28 09:04:47
user_033,916.79,Amazon,2026-08-28 09:04:51
user_009,578.54,Swiggy,2026-08-28 09:04:59
user_017,440.92,Netflix,2026-08-28 09:04:56
user_012,1586.02,Flipkart,2026-08-28 09:05:15
user_040,833.66,BigBasket,2026-08-28 09:05:07
user_005,1239.38,Ola,2026-08-28 09:05:05
user_037,973.06,Amazon,2026-08-28 09:05:08
user_044,1341.64,BookMyShow,2026-08-28 09:05:35
user_018,103.33,Flipkart,2026-08-28 09:06:06
user_047,779.04,Ola,2026-08-28 09:06:11
user_041,1488.82,Netflix,2026-08-28 09:06:16
user_007,1240.42,Uber,2026-08-28 09:06:21
user_017,368.3,Myntra,2026-08-28 09:06:26
user_005,739.59,Uber,2026-08-28 09:06:26
user_015,456.86,Swiggy,2026-08-28 09:06:54
user_036,1331.52,Flipkart,2026-08-28 09:06:48
user_049,1008.49,BigBasket,2026-08-28 09:07:10
user_049,568.19,Flipkart,2026-08-28 09:08:20
user_034,1181.94,Ola,2026-08-28 09:08:28
user_029,1267.12,Uber,2026-08-28 09:08:26
user_012,1565.86,Flipkart,2026-08-28 09:08:32
user_046,262.31,BigBasket,2026-08-28 09:08:40
user_015,1168.93,Zomato,2026-08-28 09:08:35
user_003,983.35,Myntra,2026-08-28 09:08:56
user_034,295.27,Flipkart,2026-08-28 09:09:09
user_008,490.27,BookMyShow,2026-08-28 09:09:16
user_021,983.04,BigBasket,2026-08-28 09:11:10
user_020,1150.12,BigBasket,2026-08-28 09:11:14
user_010,1311.45,Netflix,2026-08-28 09:11:26
user_025,179.28,Myntra,2026-08-28 09:11:34
user_050,615.35,Swiggy,2026-08-28 09:11:34
user_002,1369.3,Uber,2026-08-28 09:11:40
user_027,5.11,Zomato,2026-08-28 09:11:28
user_005,1044.43,Myntra,2026-08-28 09:12:06
user_043,977.49,Amazon,2026-08-28 09:11:34
user_040,958.75,Ola,2026-08-28 09:11:55
user_040,1062.18,Uber,2026-08-28 09:11:50
user_001,994.98,Flipkart,2026-08-28 09:11:43
user_018,767.1,Flipkart,2026-08-28 09:11:46
user_049,1344.02,BookMyShow,2026-08-28 09:12:55
user_008,320.15,Netflix,2026-08-28 09:12:59
user_036,768.41,Swiggy,2026-08-28 09:13:01
user_007,1265.56,Zomato,2026-08-28 09:13:10
user_020,412.82,Flipkart,2026-08-28 09:13:19
user_029,1268.96,BookMyShow,2026-08-28 09:13:20
user_013,899.55,Zomato,2026-08-28 09:13:19
user_047,1262.88,Uber,2026-08-28 09:13:16
user_048,1778.61,Uber,2026-08-28 09:13:59
user_006,173.17,Zomato,2026-08-28 09:13:58
user_026,1141.7,Netflix,2026-08-28 09:14:15
user_009,1337.5,Uber,2026-08-28 09:13:28
user_022,848.51,Myntra,2026-08-28 09:15:08
user_047,-9.73,Uber,2026-08-28 09:15:11
user_012,832.89,Ola,2026-08-28 09:15:22
user_045,937.11,Uber,2026-08-28 09:15:20
user_008,1226.56,Zomato,2026-08-28 09:15:32
user_049,1255.11,Netflix,2026-08-28 09:15:48
user_047,563.55,BigBasket,2026-08-28 09:15:44
user_039,1688.79,Amazon,2026-08-28 09:15:29
user_029,478.73,Flipkart,2026-08-28 09:16:12
user_003,1541.56,BookMyShow,2026-08-28 09:16:11
user_013,1275.47,Myntra,2026-08-28 09:15:48
user_001,58.59,Myntra,2026-08-28 09:15:08
user_001,48.88,Zomato,2026-08-28 09:15:12
user_001,38.2,Myntra,2026-08-28 09:15:16
user_001,39.06,BigBasket,2026-08-28 09:15:20
user_001,20.95,BigBasket,2026-08-28 09:15:24
user_001,11.06,BookMyShow,2026-08-28 09:15:28
user_001,14.37,BigBasket,2026-08-28 09:15:32
user_001,12.28,Myntra,2026-08-28 09:15:36
user_001,47.5,Swiggy,2026-08-28 09:15:40
user_018,1133.95,Myntra,2026-08-28 09:16:53
user_030,644.93,Amazon,2026-08-28 09:17:01
user_025,885.66,Ola,2026-08-28 09:17:03
user_023,1143.8,Uber,2026-08-28 09:17:11
user_016,349.75,Amazon,2026-08-28 09:17:17
user_042,1287.0,Netflix,2026-08-28 09:17:18
user_025,325.0,Amazon,2026-08-28 09:17:17
user_044,542.87,Netflix,2026-08-28 09:17:21
user_022,858.85,Flipkart,2026-08-28 09:17:57
user_032,482.39,Zomato,2026-08-28 09:17:56
user_015,-101.87,Uber,2026-08-28 09:19:24
user_032,223.21,BigBasket,2026-08-28 09:19:31
user_016,860.1,Swiggy,2026-08-28 09:19:34
user_035,629.28,Uber,2026-08-28 09:19:36
user_017,644.63,Uber,2026-08-28 09:19:48
user_024,513.39,Flipkart,2026-08-28 09:19:44
user_004,673.59,Ola,2026-08-28 09:19:42
user_010,966.76,Amazon,2026-08-28 09:19:45
user_006,851.72,Flipkart,2026-08-28 09:20:04
user_017,490.65,Flipkart,2026-08-28 09:20:18
user_013,247.82,Myntra,2026-08-28 09:20:04
user_004,110.29,Zomato,2026-08-28 09:20:30
user_013,1147.53,Zomato,2026-08-28 09:20:36
user_010,673.03,BigBasket,2026-08-28 09:20:29
user_013,1093.57,BigBasket,2026-08-28 09:22:19
user_036,-112.54,Myntra,2026-08-28 09:22:23
user_049,1649.76,Netflix,2026-08-28 09:22:25
user_034,1032.14,BookMyShow,2026-08-28 09:22:31
user_050,811.56,Amazon,2026-08-28 09:22:31
user_022,987.87,Myntra,2026-08-28 09:22:39
user_008,885.88,Amazon,2026-08-28 09:23:07
user_031,855.54,Swiggy,2026-08-28 09:22:40
user_026,725.91,BigBasket,2026-08-28 09:22:59
user_027,1010.06,Swiggy,2026-08-28 09:22:46
user_016,1111.63,Uber,2026-08-28 09:23:19
user_045,415.7,Swiggy,2026-08-28 09:24:29
user_040,481.89,Uber,2026-08-28 09:24:35
user_007,525.1,Netflix,2026-08-28 09:24:43
user_007,974.69,Ola,2026-08-28 09:24:47
user_050,816.91,Flipkart,2026-08-28 09:25:01
user_013,319.32,BookMyShow,2026-08-28 09:25:04
user_037,1130.37,Flipkart,2026-08-28 09:24:47
user_011,1329.02,Myntra,2026-08-28 09:25:18
user_021,746.57,BigBasket,2026-08-28 09:24:53
user_036,893.23,Amazon,2026-08-28 09:25:57
user_023,119.01,BigBasket,2026-08-28 09:26:00
user_005,818.34,Netflix,2026-08-28 09:26:13
user_035,490.22,Netflix,2026-08-28 09:26:12
user_050,1141.96,Myntra,2026-08-28 09:26:25
user_005,710.06,Flipkart,2026-08-28 09:26:32
user_022,567.05,Zomato,2026-08-28 09:26:39
user_043,1111.39,Ola,2026-08-28 09:26:39
user_037,807.53,Flipkart,2026-08-28 09:26:45
user_007,971.84,BigBasket,2026-08-28 09:27:09
user_040,1408.72,BookMyShow,2026-08-28 09:26:37
user_039,726.48,BigBasket,2026-08-28 09:26:30
user_045,619.02,Amazon,2026-08-28 09:26:57
user_011,444.08,Swiggy,2026-08-28 09:27:02
user_014,-85.92,Swiggy,2026-08-28 09:26:39
user_011,877.27,Uber,2026-08-28 09:28:37
user_006,650.16,Zomato,2026-08-28 09:28:44
user_039,607.72,Myntra,2026-08-28 09:28:43
user_050,688.36,Myntra,2026-08-28 09:28:46
user_044,1178.63,Swiggy,2026-08-28 09:28:53
user_039,1051.26,BigBasket,2026-08-28 09:29:07
user_026,365.04,Zomato,2026-08-28 09:29:25
user_010,1149.55,Swiggy,2026-08-28 09:29:05
user_046,1074.67,Flipkart,2026-08-28 09:29:41
user_018,776.02,Amazon,2026-08-28 09:29:49
user_001,1465.71,Netflix,2026-08-28 09:29:07
user_001,794.32,Amazon,2026-08-28 09:29:10
user_044,6.26,Myntra,2026-08-28 09:29:49
user_002,807.45,Ola,2026-08-28 09:30:08
user_003,33.5,Ola,2026-08-28 09:28:37
user_003,46.64,Netflix,2026-08-28 09:28:41
user_003,26.98,Amazon,2026-08-28 09:28:45
user_003,11.85,Zomato,2026-08-28 09:28:49
user_003,35.12,BookMyShow,2026-08-28 09:28:53
user_003,46.53,Netflix,2026-08-28 09:28:57
user_003,30.14,Ola,2026-08-28 09:29:01
user_003,14.52,Zomato,2026-08-28 09:29:05
user_003,22.9,Swiggy,2026-08-28 09:29:09
user_003,41.64,Flipkart,2026-08-28 09:29:13
user_003,57.5,Myntra,2026-08-28 09:29:17
user_003,52.69,Zomato,2026-08-28 09:29:21
user_031,1166.89,Amazon,2026-08-28 09:31:16
user_025,827.02,BookMyShow,2026-08-28 09:31:22
user_036,846.17,BigBasket,2026-08-28 09:31:28
user_044,723.72,Ola,2026-08-28 09:31:37
user_017,-46.68,BookMyShow,2026-08-28 09:31:36
user_039,1073.76,Swiggy,2026-08-28 09:31:31
user_049,83.11,Uber,2026-08-28 09:31:46
user_009,695.5,BookMyShow,2026-08-28 09:31:44
user_050,806.79,Amazon,2026-08-28 09:33:34
user_029,817.77,Amazon,2026-08-28 09:33:37
user_002,981.56,BigBasket,2026-08-28 09:33:42
user_023,373.55,BigBasket,2026-08-28 09:33:46
user_011,1439.2,BookMyShow,2026-08-28 09:34:02
user_033,925.21,Zomato,2026-08-28 09:33:49
user_014,1511.49,Flipkart,2026-08-28 09:34:04
user_036,576.17,Ola,2026-08-28 09:34:23
user_010,863.36,Flipkart,2026-08-28 09:35:01
user_001,1098.15,BigBasket,2026-08-28 09:35:08
user_043,1044.71,Swiggy,2026-08-28 09:35:17
user_024,317.62,Swiggy,2026-08-28 09:35:13
user_021,759.09,Zomato,2026-08-28 09:35:29
user_043,1160.8,Uber,2026-08-28 09:35:16
user_024,1517.29,BookMyShow,2026-08-28 09:35:25
user_004,1183.48,BigBasket,2026-08-28 09:35:43
user_005,745.34,Netflix,2026-08-28 09:35:57
user_003,630.8,Netflix,2026-08-28 09:36:32
user_018,814.43,Swiggy,2026-08-28 09:36:40
user_037,490.85,Flipkart,2026-08-28 09:36:44
user_031,494.23,BigBasket,2026-08-28 09:36:53
user_043,1187.05,Swiggy,2026-08-28 09:37:00
user_042,113.46,Zomato,2026-08-28 09:37:02
user_040,948.5,Uber,2026-08-28 09:36:50
user_027,848.04,Ola,2026-08-28 09:37:07
user_036,415.71,Uber,2026-08-28 09:37:12
user_041,926.03,Flipkart,2026-08-28 09:37:26
user_045,1387.83,Amazon,2026-08-28 09:37:12
user_020,296.48,BigBasket,2026-08-28 09:37:16
user_047,847.4,Netflix,2026-08-28 09:38:57
user_016,1096.86,Amazon,2026-08-28 09:39:03
user_041,1072.28,Myntra,2026-08-28 09:39:05
user_038,878.06,Uber,2026-08-28 09:39:06
user_046,1418.19,Zomato,2026-08-28 09:39:25
user_006,1285.75,BigBasket,2026-08-28 09:39:32
user_018,21.23,Flipkart,2026-08-28 09:39:39
user_009,1009.46,Uber,2026-08-28 09:39:25
user_040,1192.31,Flipkart,2026-08-28 09:40:30
user_014,863.2,Zomato,2026-08-28 09:40:34
user_013,1113.74,BookMyShow,2026-08-28 09:40:40
user_018,639.89,Myntra,2026-08-28 09:40:42
user_008,1628.73,Netflix,2026-08-28 09:40:50
user_001,767.83,Netflix,2026-08-28 09:40:45
user_015,731.64,Amazon,2026-08-28 09:41:00
user_047,141.78,Ola,2026-08-28 09:41:19
user_014,942.89,Swiggy,2026-08-28 09:41:02
user_007,558.83,Amazon,2026-08-28 09:41:15
user_035,856.97,Zomato,2026-08-28 09:42:21
user_041,322.47,Uber,2026-08-28 09:42:25
user_018,363.63,Uber,2026-08-28 09:42:35
user_046,395.25,Zomato,2026-08-28 09:42:39
user_047,466.35,BookMyShow,2026-08-28 09:42:37
user_006,565.84,BookMyShow,2026-08-28 09:42:51
user_008,1002.0,Zomato,2026-08-28 09:42:51
user_039,1031.13,Flipkart,2026-08-28 09:43:17
user_002,729.84,Zomato,2026-08-28 09:44:25
user_013,254.86,Netflix,2026-08-28 09:44:31
user_048,1072.46,Zomato,2026-08-28 09:44:35
user_021,185.23,Amazon,2026-08-28 09:44:37
user_026,989.55,Swiggy,2026-08-28 09:44:53
user_033,841.93,Zomato,2026-08-28 09:44:55
user_014,715.5,BookMyShow,2026-08-28 09:45:01
user_029,817.43,BookMyShow,2026-08-28 09:45:21
user_038,1036.97,Ola,2026-08-28 09:45:29
user_022,654.23,Swiggy,2026-08-28 09:45:28
user_031,675.25,BookMyShow,2026-08-28 09:44:55
user_029,642.58,Amazon,2026-08-28 09:44:58
user_031,1273.29,Uber,2026-08-28 09:46:42
user_026,350.27,Ola,2026-08-28 09:46:45
user_017,369.47,Ola,2026-08-28 09:46:56
user_045,488.85,BigBasket,2026-08-28 09:46:54
user_026,1157.6,Myntra,2026-08-28 09:47:02
user_038,733.2,Amazon,2026-08-28 09:47:17
user_033,372.5,Flipkart,2026-08-28 09:47:06
user_015,833.86,Ola,2026-08-28 09:47:17
user_040,645.0,Uber,2026-08-28 09:47:14
user_033,10.24,Ola,2026-08-28 09:46:42
user_033,23.85,Myntra,2026-08-28 09:46:46
user_033,21.16,Uber,2026-08-28 09:46:50
user_033,59.77,Ola,2026-08-28 09:46:54
user_033,23.62,BigBasket,2026-08-28 09:46:58
user_033,17.81,Amazon,2026-08-28 09:47:02
user_033,19.65,Netflix,2026-08-28 09:47:06
user_033,54.16,Ola,2026-08-28 09:47:10
user_042,117.92,Netflix,2026-08-28 09:49:17
user_008,1628.18,Ola,2026-08-28 09:49:24
user_042,938.15,Swiggy,2026-08-28 09:49:29
user_001,245.85,Zomato,2026-08-28 09:49:26
user_049,428.66,Uber,2026-08-28 09:49:41
user_004,1148.88,BigBasket,2026-08-28 09:49:57
user_035,432.98,Netflix,2026-08-28 09:49:59
user_048,92.46,Zomato,2026-08-28 09:49:38
user_047,1271.02,Myntra,2026-08-28 09:50:21
user_018,669.4,Flipkart,2026-08-28 09:49:53
user_016,1115.81,BigBasket,2026-08-28 09:50:58
user_008,1235.84,Amazon,2026-08-28 09:51:02
user_046,1778.86,Uber,2026-08-28 09:51:10
user_024,783.94,Amazon,2026-08-28 09:51:10
user_003,1311.77,BookMyShow,2026-08-28 09:51:22
user_013,509.61,Uber,2026-08-28 09:51:28
user_012,234.38,Swiggy,2026-08-28 09:51:40
user_004,155.89,Zomato,2026-08-28 09:51:33
user_036,1065.76,Ola,2026-08-28 09:51:46
user_040,1337.48,Zomato,2026-08-28 09:51:34
user_042,813.9,Myntra,2026-08-28 09:51:28
user_015,920.09,Myntra,2026-08-28 09:51:42
user_030,913.16,Netflix,2026-08-28 09:51:34
user_038,186.39,Netflix,2026-08-28 09:51:37
user_032,853.13,Amazon,2026-08-28 09:53:26
user_008,1403.35,Swiggy,2026-08-28 09:53:31
user_004,611.99,Ola,2026-08-28 09:53:36
user_046,791.1,Amazon,2026-08-28 09:53:50
user_021,70.92,Uber,2026-08-28 09:53:58
user_048,326.03,Ola,2026-08-28 09:54:06
user_041,850.25,BigBasket,2026-08-28 09:54:08
user_006,566.24,BigBasket,2026-08-28 09:54:01
user_015,46.71,Amazon,2026-08-28 09:53:26
user_015,50.68,Swiggy,2026-08-28 09:53:30
user_015,49.71,BigBasket,2026-08-28 09:53:34
user_015,46.65,Amazon,2026-08-28 09:53:38
user_015,30.46,Zomato,2026-08-28 09:53:42
user_015,36.24,BigBasket,2026-08-28 09:53:46
user_015,14.87,Netflix,2026-08-28 09:53:50
user_042,715.93,Ola,2026-08-28 09:55:27
user_005,1324.12,Flipkart,2026-08-28 09:55:34
user_003,726.42,Ola,2026-08-28 09:55:37
user_001,586.74,Amazon,2026-08-28 09:55:45
user_009,115.36,Uber,2026-08-28 09:55:59
user_034,1052.97,BookMyShow,2026-08-28 09:55:57
user_002,364.16,Amazon,2026-08-28 09:55:45
user_017,349.8,Uber,2026-08-28 09:56:16
user_034,798.52,Amazon,2026-08-28 09:55:59
user_030,601.6,Swiggy,2026-08-28 09:56:03
user_040,39.7,Zomato,2026-08-28 09:55:27
user_040,42.92,Zomato,2026-08-28 09:55:31
user_040,47.69,BookMyShow,2026-08-28 09:55:35
user_040,51.23,Ola,2026-08-28 09:55:39
user_040,57.45,Amazon,2026-08-28 09:55:43
user_040,54.35,Flipkart,2026-08-28 09:55:47
user_040,18.98,BookMyShow,2026-08-28 09:55:51
user_040,35.13,BigBasket,2026-08-28 09:55:55
user_040,48.38,Amazon,2026-08-28 09:55:59
user_040,50.92,Flipkart,2026-08-28 09:56:03
user_040,18.85,Ola,2026-08-28 09:56:07
user_040,45.62,BigBasket,2026-08-28 09:56:11
user_001,416.49,Flipkart,2026-08-28 09:57:54
user_026,250.62,Ola,2026-08-28 09:57:58
user_014,463.98,Myntra,2026-08-28 09:58:10
user_005,1137.2,Zomato,2026-08-28 09:58:06
user_016,876.93,Myntra,2026-08-28 09:58:06
user_037,697.95,Uber,2026-08-28 09:58:09
user_041,1046.29,Swiggy,2026-08-28 09:58:12
user_034,740.64,BigBasket,2026-08-28 09:58:22
user_035,712.4,BookMyShow,2026-08-28 09:59:54
user_017,776.29,Myntra,2026-08-28 10:00:00
user_010,84.63,Myntra,2026-08-28 10:00:10
user_009,1293.49,Amazon,2026-08-28 10:00:03
user_036,617.15,BookMyShow,2026-08-28 10:00:14
user_037,956.42,BigBasket,2026-08-28 10:00:24
user_005,738.01,Zomato,2026-08-28 10:00:42
user_044,524.36,Flipkart,2026-08-28 10:00:15
user_040,568.86,Uber,2026-08-28 10:00:18
user_018,319.94,Netflix,2026-08-28 10:00:30
user_029,1083.55,Netflix,2026-08-28 10:01:04
user_040,566.85,Ola,2026-08-28 10:00:27
user_013,29.26,Myntra,2026-08-28 09:59:54
user_013,16.23,Amazon,2026-08-28 09:59:58
user_013,15.42,Zomato,2026-08-28 10:00:02
user_013,14.79,Amazon,2026-08-28 10:00:06
user_013,55.53,Flipkart,2026-08-28 10:00:10
user_013,30.13,Netflix,2026-08-28 10:00:14
user_013,15.48,Netflix,2026-08-28 10:00:18
user_013,44.84,BookMyShow,2026-08-28 10:00:22
user_035,935.59,BookMyShow,2026-08-28 10:02:29
user_024,872.82,Myntra,2026-08-28 10:02:33
user_017,1148.18,Netflix,2026-08-28 10:02:39
user_021,1046.66,Swiggy,2026-08-28 10:02:47
user_017,1046.86,Swiggy,2026-08-28 10:02:49
user_043,1023.08,Zomato,2026-08-28 10:02:59
user_013,1033.89,Amazon,2026-08-28 10:02:59
user_027,857.59,BigBasket,2026-08-28 10:02:50
user_026,708.62,Netflix,2026-08-28 10:03:33
user_017,551.45,BookMyShow,2026-08-28 10:03:05
user_003,955.89,Uber,2026-08-28 10:03:09
user_041,306.58,Netflix,2026-08-28 10:03:02
user_007,166.01,Uber,2026-08-28 10:05:24
user_008,541.42,BookMyShow,2026-08-28 10:05:27
user_044,883.19,Amazon,2026-08-28 10:05:30
user_019,846.46,Ola,2026-08-28 10:05:48
user_008,987.96,Netflix,2026-08-28 10:05:40
user_046,524.23,Amazon,2026-08-28 10:05:49
user_042,852.16,Myntra,2026-08-28 10:05:48
user_037,1495.61,Amazon,2026-08-28 10:06:06
user_039,1144.7,Uber,2026-08-28 10:05:48
user_049,1167.41,Swiggy,2026-08-28 10:06:18
user_027,1482.64,Swiggy,2026-08-28 10:06:44
user_037,665.34,BigBasket,2026-08-28 10:06:41
user_022,1147.43,Myntra,2026-08-28 10:06:24
user_014,1180.19,Myntra,2026-08-28 10:07:21
user_030,824.23,Netflix,2026-08-28 10:07:29
user_016,812.73,Swiggy,2026-08-28 10:07:31
user_011,678.74,Flipkart,2026-08-28 10:07:30
user_030,332.76,Zomato,2026-08-28 10:07:45
user_042,1220.03,Uber,2026-08-28 10:07:36
user_026,818.9,Netflix,2026-08-28 10:07:45
user_011,969.7,Flipkart,2026-08-28 10:08:03
user_008,514.22,BookMyShow,2026-08-28 10:08:09
user_011,508.85,BigBasket,2026-08-28 10:08:06
user_019,36.03,Myntra,2026-08-28 10:07:21
user_019,53.03,BigBasket,2026-08-28 10:07:25
user_019,37.11,BigBasket,2026-08-28 10:07:29
user_019,48.54,Uber,2026-08-28 10:07:33
user_019,36.17,Amazon,2026-08-28 10:07:37
user_019,51.66,Swiggy,2026-08-28 10:07:41
user_019,17.15,Swiggy,2026-08-28 10:07:45
user_019,16.85,Zomato,2026-08-28 10:07:49
user_037,270.93,Amazon,2026-08-28 10:10:09
user_026,1351.87,Zomato,2026-08-28 10:10:16
user_014,-80.85,Swiggy,2026-08-28 10:10:17
user_029,542.64,Ola,2026-08-28 10:10:27
user_047,599.9,Netflix,2026-08-28 10:10:29
user_047,761.91,BigBasket,2026-08-28 10:10:44
user_046,1004.63,Myntra,2026-08-28 10:10:51
user_017,395.78,Netflix,2026-08-28 10:10:44
user_028,1328.37,Amazon,2026-08-28 10:10:41
user_042,1110.11,Uber,2026-08-28 10:11:03
user_007,656.23,Uber,2026-08-28 10:11:19
user_021,1538.86,BookMyShow,2026-08-28 10:10:53
user_013,1016.75,BigBasket,2026-08-28 10:10:45
user_007,843.66,BigBasket,2026-08-28 10:12:53
user_041,-133.0,Ola,2026-08-28 10:12:56
user_045,1171.44,Netflix,2026-08-28 10:13:07
user_043,852.05,Ola,2026-08-28 10:13:14
user_046,102.9,Ola,2026-08-28 10:13:17
user_001,688.22,Uber,2026-08-28 10:13:33
user_014,686.86,Uber,2026-08-28 10:13:41
user_026,1088.54,Netflix,2026-08-28 10:13:35
user_029,990.48,BookMyShow,2026-08-28 10:13:41
user_018,-167.22,BigBasket,2026-08-28 10:13:20
user_001,34.29,Uber,2026-08-28 10:12:53
user_001,41.16,Zomato,2026-08-28 10:12:57
user_001,40.6,BigBasket,2026-08-28 10:13:01
user_001,58.72,Flipkart,2026-08-28 10:13:05
user_001,21.24,Uber,2026-08-28 10:13:09
user_001,22.87,Ola,2026-08-28 10:13:13
user_043,847.24,Myntra,2026-08-28 10:14:40
user_003,712.82,BigBasket,2026-08-28 10:14:43
user_022,1121.06,Ola,2026-08-28 10:14:46
user_029,895.77,Amazon,2026-08-28 10:15:04
user_032,895.36,Amazon,2026-08-28 10:14:56
user_017,943.42,Uber,2026-08-28 10:15:20
user_040,449.83,Flipkart,2026-08-28 10:15:10
user_026,925.48,BigBasket,2026-08-28 10:15:08
user_049,808.57,Myntra,2026-08-28 10:15:12
user_040,481.23,Flipkart,2026-08-28 10:15:16
user_025,47.08,Flipkart,2026-08-28 10:14:40
user_025,13.31,Ola,2026-08-28 10:14:44
user_025,18.64,BigBasket,2026-08-28 10:14:48
user_025,30.6,Myntra,2026-08-28 10:14:52
user_025,17.6,Flipkart,2026-08-28 10:14:56
user_025,37.09,BookMyShow,2026-08-28 10:15:00
user_025,12.63,Ola,2026-08-28 10:15:04
user_032,765.15,Zomato,2026-08-28 10:15:54
user_023,1511.6,Amazon,2026-08-28 10:15:58
user_016,1048.15,Amazon,2026-08-28 10:16:06
user_046,973.23,BookMyShow,2026-08-28 10:16:09
user_024,551.65,BigBasket,2026-08-28 10:16:26
user_042,831.83,BigBasket,2026-08-28 10:16:09
user_030,949.23,BookMyShow,2026-08-28 10:16:18
user_033,412.23,BookMyShow,2026-08-28 10:16:43
user_018,600.98,BigBasket,2026-08-28 10:17:57
user_017,1534.61,BookMyShow,2026-08-28 10:18:02
user_004,428.61,Netflix,2026-08-28 10:18:13
user_050,898.56,BigBasket,2026-08-28 10:18:12
user_044,-180.03,Swiggy,2026-08-28 10:18:13
user_044,1192.16,Netflix,2026-08-28 10:18:32
user_041,518.88,Ola,2026-08-28 10:18:27
user_016,625.96,BookMyShow,2026-08-28 10:18:46
user_045,520.53,BookMyShow,2026-08-28 10:18:37
user_024,243.36,Swiggy,2026-08-28 10:18:42
user_033,475.74,Swiggy,2026-08-28 10:18:57
user_024,820.87,Myntra,2026-08-28 10:18:52
user_021,1121.04,Netflix,2026-08-28 10:19:21
user_020,228.58,Netflix,2026-08-28 10:20:26
user_012,989.52,Uber,2026-08-28 10:20:30
user_044,794.62,BigBasket,2026-08-28 10:20:42
user_007,1418.95,Uber,2026-08-28 10:20:44
user_005,758.47,Ola,2026-08-28 10:20:42
user_003,1034.63,Netflix,2026-08-28 10:20:56
user_021,994.29,BookMyShow,2026-08-28 10:20:56
user_037,1217.72,Myntra,2026-08-28 10:21:08
user_034,984.64,Myntra,2026-08-28 10:20:58
user_034,838.1,Netflix,2026-08-28 10:21:29
user_009,484.31,Netflix,2026-08-28 10:22:02
user_028,486.51,BigBasket,2026-08-28 10:22:09
user_038,375.29,BigBasket,2026-08-28 10:22:14
user_019,-291.83,Zomato,2026-08-28 10:22:17
user_023,1317.2,Swiggy,2026-08-28 10:22:14
user_003,1066.77,Ola,2026-08-28 10:22:42
user_021,936.72,Zomato,2026-08-28 10:22:20
user_033,559.53,Amazon,2026-08-28 10:22:23
user_037,1045.13,Uber,2026-08-28 10:22:34
user_019,1535.63,Uber,2026-08-28 10:23:05
user_008,655.11,Swiggy,2026-08-28 10:23:22
user_027,460.09,Netflix,2026-08-28 10:22:35
user_026,333.06,Flipkart,2026-08-28 10:23:14
user_024,54.49,Myntra,2026-08-28 10:22:02
user_024,47.54,Swiggy,2026-08-28 10:22:06
user_024,24.21,BookMyShow,2026-08-28 10:22:10
user_024,41.71,BigBasket,2026-08-28 10:22:14
user_024,26.91,Myntra,2026-08-28 10:22:18
user_024,57.97,Uber,2026-08-28 10:22:22
user_024,17.49,Netflix,2026-08-28 10:22:26
user_024,24.63,Uber,2026-08-28 10:22:30
user_010,1293.45,BigBasket,2026-08-28 10:25:20
user_047,941.06,Uber,2026-08-28 10:25:28
user_036,1182.63,Amazon,2026-08-28 10:25:26
user_021,485.01,Myntra,2026-08-28 10:25:29
user_027,1132.14,Amazon,2026-08-28 10:25:36
user_027,1185.38,Netflix,2026-08-28 10:25:40
user_034,884.97,BookMyShow,2026-08-28 10:25:50
user_041,398.68,Uber,2026-08-28 10:26:09
